,Image_Path,True_Label,Predicted_Label,Hybrid_Score
0,/content/Dataset/Test/Fake/00ELJIYESN.jpg,0,0,0.0007080939831212163
1,/content/Dataset/Test/Fake/00HZSJQ99D.jpg,0,0,0.0001296856062253937
2,/content/Dataset/Test/Fake/00ONA5N3VR.jpg,0,0,5.319679621607065e-05
3,/content/Dataset/Test/Fake/01APKJ1WLK.jpg,0,0,6.056916026864201e-05
4,/content/Dataset/Test/Fake/01CSPULCOW.jpg,0,0,0.1500335806471412
5,/content/Dataset/Test/Fake/01PGW4LBRJ.jpg,0,0,0.00036591215757653117
6,/content/Dataset/Test/Fake/01UROTRG1Y.jpg,0,0,0.00030595858697779477
7,/content/Dataset/Test/Fake/01XW0BTXRK.jpg,0,0,6.16323814028874e-05
8,/content/Dataset/Test/Fake/02DSE5U804.jpg,0,0,0.3502150650543626
9,/content/Dataset/Test/Fake/02GWGTZU59.jpg,0,0,0.00014617432316299528
10,/content/Dataset/Test/Fake/02JEFNOGD4.jpg,0,0,9.14430565899238e-05
11,/content/Dataset/Test/Fake/02S93BS396.jpg,0,0,0.00013690494233742356
12,/content/Dataset/Test/Fake/02VVQ8EUPO.jpg,0,0,5.096184759167954e-05
13,/content/Dataset/Test/Fake/02ZD3DCZUO.jpg,0,0,6.740371463820338e-05
14,/content/Dataset/Test/Fake/0A4922JAK9.jpg,0,0,0.0002098026598105207
15,/content/Dataset/Test/Fake/0A53VI57MP.jpg,0,0,0.35019380821322554
16,/content/Dataset/Test/Fake/0A7043GFJA.jpg,0,0,6.559956091223285e-05
17,/content/Dataset/Test/Fake/0AAY6DBXJA.jpg,0,0,0.15027614313876256
18,/content/Dataset/Test/Fake/0AOS90ACZ0.jpg,0,0,0.15008866126154316
19,/content/Dataset/Test/Fake/0AZIV8J8A7.jpg,0,0,5.121259891893715e-05
20,/content/Dataset/Test/Fake/0B8BMXPG7V.jpg,0,0,0.15004675146192312
21,/content/Dataset/Test/Fake/0BFZQAAPBD.jpg,0,0,0.0003085059579461813
22,/content/Dataset/Test/Fake/0BHIMIZX4U.jpg,0,0,9.460378350922838e-05
23,/content/Dataset/Test/Fake/0BPR4R4EJX.jpg,0,0,0.15016214381321333
24,/content/Dataset/Test/Fake/0BS5GRC7YP.jpg,0,0,0.15017646291234996
25,/content/Dataset/Test/Fake/0BXOZPH1HD.jpg,0,0,4.136722054681741e-05
26,/content/Dataset/Test/Fake/0BZFG3A4JT.jpg,0,0,0.00029567224555648863
27,/content/Dataset/Test/Fake/0C29CWQLYK.jpg,0,0,0.15010616845975164
28,/content/Dataset/Test/Fake/0C3B3TQEHB.jpg,0,0,0.1501390599354636
29,/content/Dataset/Test/Fake/0C3C6RIWZD.jpg,0,0,0.1502485334407538
30,/content/Dataset/Test/Fake/0D2S9YU1BH.jpg,0,0,0.0024879667907953262
31,/content/Dataset/Test/Fake/0D716DFTH5.jpg,0,0,4.73243671876844e-05
32,/content/Dataset/Test/Fake/0DIV9E650A.jpg,0,0,0.04566270485520363
33,/content/Dataset/Test/Fake/0DK42ZGH2Q.jpg,0,0,0.00023079963284544647
34,/content/Dataset/Test/Fake/0DKTHHA6TX.jpg,0,0,0.15014517130330204
35,/content/Dataset/Test/Fake/0DL8HHH4MP.jpg,0,0,0.15008511989290127
36,/content/Dataset/Test/Fake/0DLLKB2MFG.jpg,0,0,0.00021857065439689904
37,/content/Dataset/Test/Fake/0DMDKAKLFQ.jpg,0,0,0.150109863038233
38,/content/Dataset/Test/Fake/0DR4G8RBXE.jpg,0,0,0.00010686482710298151
39,/content/Dataset/Test/Fake/0DSRD8T7QI.jpg,0,0,0.00015318332589231431
40,/content/Dataset/Test/Fake/0DXBAMP4TE.jpg,0,0,0.0014881889801472425
41,/content/Dataset/Test/Fake/0EFL7ALEHA.jpg,0,0,0.350033456050005
42,/content/Dataset/Test/Fake/0EHGGMDEDA.jpg,0,0,0.3500611952564213
43,/content/Dataset/Test/Fake/0EJSVRSK2A.jpg,0,0,0.15002668776687642
44,/content/Dataset/Test/Fake/0EN1FCS3CG.jpg,0,0,0.0003263038524892181
45,/content/Dataset/Test/Fake/0F31YAPJAC.jpg,0,0,0.0005288598476909101
46,/content/Dataset/Test/Fake/0G6DNVAF9O.jpg,0,0,5.726798190153204e-05
47,/content/Dataset/Test/Fake/0G7V5WPBPK.jpg,0,0,0.00017089949687942863
48,/content/Dataset/Test/Fake/0G9JY637ZG.jpg,0,0,0.3510185878491029
49,/content/Dataset/Test/Fake/0GB4WHPEIZ.jpg,0,0,0.00012992127449251711
50,/content/Dataset/Test/Fake/0GHF8MFIMV.jpg,0,0,0.00010874561849050224
51,/content/Dataset/Test/Fake/0GJLNEQOF2.jpg,0,0,8.827353303786367e-05
52,/content/Dataset/Test/Fake/0GTTOUH6ML.jpg,0,0,6.84928527334705e-05
53,/content/Dataset/Test/Fake/0GU5P8DCB8.jpg,0,0,0.0001165974754258059
54,/content/Dataset/Test/Fake/0GUB0FPJAB.jpg,0,0,0.0008419945952482522
55,/content/Dataset/Test/Fake/0GV30X2093.jpg,0,0,0.000351086346199736
56,/content/Dataset/Test/Fake/0HF2GQUBO6.jpg,0,0,0.0005735154845751822
57,/content/Dataset/Test/Fake/0HGQ7HV0YD.jpg,0,0,0.00011750232806662098
58,/content/Dataset/Test/Fake/0HHSVB978Q.jpg,0,0,0.00028795175603590906
59,/content/Dataset/Test/Fake/0HL780XVQF.jpg,0,0,0.0002037983649643138
60,/content/Dataset/Test/Fake/0HR1TL35AE.jpg,0,0,0.0002643043699208647
61,/content/Dataset/Test/Fake/0HZA2Q7DT9.jpg,0,0,0.0005627117934636772
62,/content/Dataset/Test/Fake/0I9M1N99EJ.jpg,0,0,7.963191455928609e-05
63,/content/Dataset/Test/Fake/0IVUCI0FS5.jpg,0,0,5.020013122702949e-05
64,/content/Dataset/Test/Fake/0J3J5TIG1U.jpg,0,0,8.543818694306538e-05
65,/content/Dataset/Test/Fake/0JCNAUNANF.jpg,0,0,4.1251991206081584e-05
66,/content/Dataset/Test/Fake/0JMHVJ0BCL.jpg,0,0,0.35022799264115745
67,/content/Dataset/Test/Fake/0JRDUMD6JK.jpg,0,0,0.0016218224773183465
68,/content/Dataset/Test/Fake/0K1AC87Y00.jpg,0,0,0.0001562199176987633
69,/content/Dataset/Test/Fake/0KD0J8VYU3.jpg,0,0,0.15024503422901034
70,/content/Dataset/Test/Fake/0KDWGZ8ANJ.jpg,0,1,1.0
71,/content/Dataset/Test/Fake/0KKVL4RFIN.jpg,0,0,0.0015257202321663499
72,/content/Dataset/Test/Fake/0KR71LCR7U.jpg,0,0,0.35005766572576247
73,/content/Dataset/Test/Fake/0KZI25C4L9.jpg,0,0,0.2514552041888237
74,/content/Dataset/Test/Fake/0L5OPP3Z19.jpg,0,0,0.00020003330428153276
75,/content/Dataset/Test/Fake/0L8XHOIHYB.jpg,0,0,5.765517198597081e-05
76,/content/Dataset/Test/Fake/0L9UEYZVE9.jpg,0,0,0.00013590125308837742
77,/content/Dataset/Test/Fake/0LG7L4C8S0.jpg,0,0,0.0003172836441081017
78,/content/Dataset/Test/Fake/0LUFDJNRX4.jpg,0,0,0.17790763787925243
79,/content/Dataset/Test/Fake/0M0F4YJ1G9.jpg,0,0,0.0023374443408101797
80,/content/Dataset/Test/Fake/0M0KQNSKB2.jpg,0,0,0.0001274597307201475
81,/content/Dataset/Test/Fake/0M4AOFWGYI.jpg,0,0,0.0002508167817723006
82,/content/Dataset/Test/Fake/0M54937WMO.jpg,0,0,0.00013760241563431919
83,/content/Dataset/Test/Fake/0M5G8TMRQI.jpg,0,0,8.042244735406712e-05
84,/content/Dataset/Test/Fake/0MYTCLGGHY.jpg,0,0,0.0001072960440069437
85,/content/Dataset/Test/Fake/0MZARJ0PVS.jpg,0,0,0.0001561037643114105
86,/content/Dataset/Test/Fake/0NB95BWAS0.jpg,0,0,5.5148510000435635e-05
87,/content/Dataset/Test/Fake/0NE1TBITDY.jpg,0,0,0.15018040876602753
88,/content/Dataset/Test/Fake/0NF1KJRPNI.jpg,0,0,0.00013067743566352874
89,/content/Dataset/Test/Fake/0NMJWLW0OS.jpg,0,0,0.0009462427697144449
90,/content/Dataset/Test/Fake/0NTTUD4FNZ.jpg,0,0,1.6653262719046324e-05
91,/content/Dataset/Test/Fake/0O1FZMSK64.jpg,0,0,1.4746601664228365e-05
92,/content/Dataset/Test/Fake/0O3UX5S2WO.jpg,0,0,7.951771112857386e-05
93,/content/Dataset/Test/Fake/0O4JEC87PB.jpg,0,0,5.886517828912474e-05
94,/content/Dataset/Test/Fake/0OAT69G3XG.jpg,0,0,0.00016326468903571367
95,/content/Dataset/Test/Fake/0ON21NCBHT.jpg,0,0,0.15009826212044572
96,/content/Dataset/Test/Fake/0OR6EBPK3S.jpg,0,0,0.01499558612704277
97,/content/Dataset/Test/Fake/0OTRTRI4PM.jpg,0,0,0.3501016250826069
98,/content/Dataset/Test/Fake/0P37XUYI8C.jpg,0,0,0.15182887248229235
99,/content/Dataset/Test/Fake/0P4JBC8G3A.jpg,0,0,0.3501383320050081
100,/content/Dataset/Test/Fake/0PRXGDKBQ2.jpg,0,0,6.226139521459118e-05
101,/content/Dataset/Test/Fake/0PWA1UZ90B.jpg,0,0,0.15007913245644885
102,/content/Dataset/Test/Fake/0Q0HVBC4R0.jpg,0,0,0.35011000887025145
103,/content/Dataset/Test/Fake/0Q0S6UMK25.jpg,0,0,7.073540473356843e-05
104,/content/Dataset/Test/Fake/0QAY341AL3.jpg,0,0,0.3500356299387931
105,/content/Dataset/Test/Fake/0QCXA8N288.jpg,0,0,0.1501252789661521
106,/content/Dataset/Test/Fake/0QFWIRO4NE.jpg,0,0,5.9136596973985434e-05
107,/content/Dataset/Test/Fake/0QJPOWUMWC.jpg,0,0,0.013428248465061188
108,/content/Dataset/Test/Fake/0QRYC8VCDA.jpg,0,0,7.586157153127715e-05
109,/content/Dataset/Test/Fake/0QTJDL4UJ1.jpg,0,0,0.0003170858835801482
110,/content/Dataset/Test/Fake/0QVK78KG65.jpg,0,0,4.4833581341663375e-05
111,/content/Dataset/Test/Fake/0RB8DSJOY8.jpg,0,0,0.00018616327724885195
112,/content/Dataset/Test/Fake/0RC5K2SSZG.jpg,0,0,0.00022682806593365967
113,/content/Dataset/Test/Fake/0RH1DCFO06.jpg,0,1,1.0
114,/content/Dataset/Test/Fake/0RRDBH72WK.jpg,0,0,0.15014747395471204
115,/content/Dataset/Test/Fake/0S5IW8VK92.jpg,0,0,0.00010860427573788911
116,/content/Dataset/Test/Fake/0S65HEX4CH.jpg,0,0,0.00012747626169584692
117,/content/Dataset/Test/Fake/0S7AOUCNAN.jpg,0,0,0.00013411058171186596
118,/content/Dataset/Test/Fake/0SK7JPMO73.jpg,0,0,0.00011631795496214181
119,/content/Dataset/Test/Fake/0SQRF6QLO5.jpg,0,0,0.1504497724585235
120,/content/Dataset/Test/Fake/0SWMTC3K2W.jpg,0,0,0.35073116814019156
121,/content/Dataset/Test/Fake/0SZAWP817T.jpg,0,0,0.007245326414704323
122,/content/Dataset/Test/Fake/0T0DFNYQGC.jpg,0,0,0.00023962286650203168
123,/content/Dataset/Test/Fake/0T3BG4307M.jpg,0,1,0.9990965127944946
124,/content/Dataset/Test/Fake/0T6A8I3TWT.jpg,0,0,0.0002147496707038954
125,/content/Dataset/Test/Fake/0T6UVTS33G.jpg,0,0,0.0004625963047146797
126,/content/Dataset/Test/Fake/0T913W7CSA.jpg,0,0,0.0007069073617458344
127,/content/Dataset/Test/Fake/0TAJA153VP.jpg,0,0,9.872497321339324e-05
128,/content/Dataset/Test/Fake/0TM940HRLZ.jpg,0,0,0.0001355820568278432
129,/content/Dataset/Test/Fake/0TVYLSU0FS.jpg,0,0,0.15354184000752866
130,/content/Dataset/Test/Fake/0U0ASED1EA.jpg,0,0,5.5266758863581344e-05
131,/content/Dataset/Test/Fake/0U3HBMKKHJ.jpg,0,0,0.35034427654463796
132,/content/Dataset/Test/Fake/0UNTMVL2RL.jpg,0,0,0.03438005596399307
133,/content/Dataset/Test/Fake/0UU930OG9J.jpg,0,0,0.1540658175945282
134,/content/Dataset/Test/Fake/0UWJNDHOVF.jpg,0,0,0.00016392109682783484
135,/content/Dataset/Test/Fake/0V5YPD9MZ5.jpg,0,0,0.0002459135721437633
136,/content/Dataset/Test/Fake/0VQUF2HK51.jpg,0,0,5.7240904425270855e-05
137,/content/Dataset/Test/Fake/0VR4CTI2FH.jpg,0,0,0.3501520265068393
138,/content/Dataset/Test/Fake/0VYZK4SWM5.jpg,0,0,6.034391117282212e-05
139,/content/Dataset/Test/Fake/0W1RLNXVF6.jpg,0,0,8.369205170311034e-05
140,/content/Dataset/Test/Fake/0W727QT8DQ.jpg,0,0,0.15004402133345138
141,/content/Dataset/Test/Fake/0WECSF0M9P.jpg,0,0,2.7294485335005447e-05
142,/content/Dataset/Test/Fake/0WFV9IQDOK.jpg,0,0,0.00010929201380349696
143,/content/Dataset/Test/Fake/0WGTUENBIB.jpg,0,0,3.4960885386681184e-05
144,/content/Dataset/Test/Fake/0WGW43F7ZS.jpg,0,0,0.15024296165793202
145,/content/Dataset/Test/Fake/0WP10BM6YQ.jpg,0,0,7.407871453324333e-05
146,/content/Dataset/Test/Fake/0WQ97VN3JV.jpg,0,0,0.3508023523259908
147,/content/Dataset/Test/Fake/0WTYXVRJU3.jpg,0,0,3.110007310169749e-05
148,/content/Dataset/Test/Fake/0WXPG4GJU4.jpg,0,0,0.00010628819291014224
149,/content/Dataset/Test/Fake/0X4XAYHJY2.jpg,0,0,0.0009764104033820331
150,/content/Dataset/Test/Fake/0XBFJBWBUX.jpg,0,0,0.3501147901130025
151,/content/Dataset/Test/Fake/0XN3RWC0SJ.jpg,0,0,0.0004202555865049362
152,/content/Dataset/Test/Fake/0Y5UNVHGDJ.jpg,0,0,4.3069874664070085e-05
153,/content/Dataset/Test/Fake/0Y6HO5DORA.jpg,0,0,0.00033799491939134896
154,/content/Dataset/Test/Fake/0Y6PAMNDJP.jpg,0,0,0.00020974865765310824
155,/content/Dataset/Test/Fake/0YJG9QBYQZ.jpg,0,0,0.0001735865225782618
156,/content/Dataset/Test/Fake/0YPMWF4OGL.jpg,0,0,4.4078838982386515e-05
157,/content/Dataset/Test/Fake/0YQVLIUFQ5.jpg,0,0,8.874922787072137e-05
158,/content/Dataset/Test/Fake/0YUFS39YPJ.jpg,0,0,0.0002887123846448958
159,/content/Dataset/Test/Fake/0YV8F7023K.jpg,0,0,0.1500659122088109
160,/content/Dataset/Test/Fake/0YZ5LPD6OG.jpg,0,0,0.00012380813132040203
161,/content/Dataset/Test/Fake/0Z93QJXVQY.jpg,0,0,0.0002673864073585719
162,/content/Dataset/Test/Fake/0ZBCM6JP9R.jpg,0,0,0.00032960018143057823
163,/content/Dataset/Test/Fake/0ZC1D17BXH.jpg,0,0,9.514516568742692e-05
164,/content/Dataset/Test/Fake/0ZE2Z2SWFG.jpg,0,0,1.8777300283545628e-05
165,/content/Dataset/Test/Fake/0ZJEW1V2MH.jpg,0,0,0.15056639505783095
166,/content/Dataset/Test/Fake/1A48QAD86H.jpg,0,0,0.150062534265453
167,/content/Dataset/Test/Fake/1AFRCVHJQN.jpg,0,0,0.1503602984943427
168,/content/Dataset/Test/Fake/1AQXCCQM21.jpg,0,0,0.0001318208232987672
169,/content/Dataset/Test/Fake/1AWLDDWQG0.jpg,0,0,0.15014355278108268
170,/content/Dataset/Test/Fake/1AZ0BN4AIF.jpg,0,0,6.144055078038946e-05
171,/content/Dataset/Test/Fake/1B23VVPDT5.jpg,0,0,5.056725785834715e-05
172,/content/Dataset/Test/Fake/1BEDMKJXE1.jpg,0,0,0.15018588866805657
173,/content/Dataset/Test/Fake/1BNH8Y8856.jpg,0,0,0.00011337029718561098
174,/content/Dataset/Test/Fake/1BVJA19X3Z.jpg,0,0,0.35042759982170535
175,/content/Dataset/Test/Fake/1C1F57X9Y9.jpg,0,0,0.07157040387392044
176,/content/Dataset/Test/Fake/1CBUEXYPVD.jpg,0,0,0.0003826822794508189
177,/content/Dataset/Test/Fake/1CLJULTEPH.jpg,0,0,0.0015084343031048775
178,/content/Dataset/Test/Fake/1CR8EGSSGO.jpg,0,0,9.143477655015886e-05
179,/content/Dataset/Test/Fake/1CRYVB85SJ.jpg,0,0,0.1500366514941561
180,/content/Dataset/Test/Fake/1CU4IIUPUG.jpg,0,0,0.007476599421352148
181,/content/Dataset/Test/Fake/1D017B0PYK.jpg,0,0,0.1501000499833026
182,/content/Dataset/Test/Fake/1D1JYIZ8GA.jpg,0,0,0.35017234562255906
183,/content/Dataset/Test/Fake/1D7IJHADQF.jpg,0,1,1.0
184,/content/Dataset/Test/Fake/1D7YHDKC9P.jpg,0,0,0.3501768236834323
185,/content/Dataset/Test/Fake/1DCZHIGVB5.jpg,0,0,0.35016780290752647
186,/content/Dataset/Test/Fake/1DGDB6Z75D.jpg,0,0,0.15011086830636486
187,/content/Dataset/Test/Fake/1DGLSWPTPD.jpg,0,0,0.0002996358089148998
188,/content/Dataset/Test/Fake/1DHDWCL2OD.jpg,0,0,0.3640009552240372
189,/content/Dataset/Test/Fake/1DHFCGK6TC.jpg,0,0,0.3501538800424896
190,/content/Dataset/Test/Fake/1DLT35JKI9.jpg,0,0,0.3501059997375705
191,/content/Dataset/Test/Fake/1DM3ZQ5H37.jpg,0,0,5.1446430006762967e-05
192,/content/Dataset/Test/Fake/1E359D5HVH.jpg,0,0,0.15013401929754763
193,/content/Dataset/Test/Fake/1E4RT5G5KT.jpg,0,0,7.595407078042626e-05
194,/content/Dataset/Test/Fake/1E8H6XTYWL.jpg,0,0,0.00012750372115988284
195,/content/Dataset/Test/Fake/1EHPV4D6TS.jpg,0,0,0.0014316773740574718
196,/content/Dataset/Test/Fake/1ELS4GAOOZ.jpg,0,0,0.1797010838985443
197,/content/Dataset/Test/Fake/1EUZ7W8IR7.jpg,0,0,0.0002276134182466194
198,/content/Dataset/Test/Fake/1FFR7CKBTF.jpg,0,0,0.00011500299297040328
199,/content/Dataset/Test/Fake/1FL80ORB3O.jpg,0,0,0.0038245453033596277
200,/content/Dataset/Test/Fake/1FR33J10VH.jpg,0,0,9.397996473126113e-05
201,/content/Dataset/Test/Fake/1FSAI634AK.jpg,0,0,0.15009040996519615
202,/content/Dataset/Test/Fake/1G6Z9SJAXZ.jpg,0,0,0.00012995622819289565
203,/content/Dataset/Test/Fake/1G86C4OD3U.jpg,0,0,0.00016219080134760588
204,/content/Dataset/Test/Fake/1GKZXBVINC.jpg,0,0,9.074743866221979e-05
205,/content/Dataset/Test/Fake/1GST5UYLDL.jpg,0,0,0.09193281084299088
206,/content/Dataset/Test/Fake/1GX1MYXN66.jpg,0,0,0.0002013194898609072
207,/content/Dataset/Test/Fake/1GZT9O2RIA.jpg,0,0,0.003153228433802724
208,/content/Dataset/Test/Fake/1HAXBFBHG1.jpg,0,0,0.00011896106298081577
209,/content/Dataset/Test/Fake/1HCARWL3NW.jpg,0,0,3.672986713354476e-05
210,/content/Dataset/Test/Fake/1HCPYOL7C1.jpg,0,0,0.35008404988329855
211,/content/Dataset/Test/Fake/1HI55BCDRO.jpg,0,0,0.0003581538621801883
212,/content/Dataset/Test/Fake/1HKEO7GH7X.jpg,0,0,0.35010362491593694
213,/content/Dataset/Test/Fake/1I77XLWMEX.jpg,0,0,0.00011906943836947903
214,/content/Dataset/Test/Fake/1ILM54MK9V.jpg,0,0,0.00011475924111437052
215,/content/Dataset/Test/Fake/1JBLEMKOM9.jpg,0,0,0.35073060253635047
216,/content/Dataset/Test/Fake/1JFHO5Z3RI.jpg,0,0,0.0016101152868941426
217,/content/Dataset/Test/Fake/1JGF0GANMJ.jpg,0,0,0.1501462141808588
218,/content/Dataset/Test/Fake/1JHGFYDUBJ.jpg,0,0,0.3500575761623622
219,/content/Dataset/Test/Fake/1JP9OR02BM.jpg,0,0,0.15161442498210817
220,/content/Dataset/Test/Fake/1JR9ANBDXF.jpg,0,0,0.004173491150140762
221,/content/Dataset/Test/Fake/1JSILUUH67.jpg,0,0,0.35081857689656315
222,/content/Dataset/Test/Fake/1JVBKT3HQN.jpg,0,0,0.0001888881961349398
223,/content/Dataset/Test/Fake/1JVODC44PM.jpg,0,0,0.15019323677406646
224,/content/Dataset/Test/Fake/1K2JMQDZ3T.jpg,0,0,0.15005263073762762
225,/content/Dataset/Test/Fake/1K7W0YZLM8.jpg,0,0,0.00015653752780053765
226,/content/Dataset/Test/Fake/1K7XD16IWE.jpg,0,0,3.420045322855003e-05
227,/content/Dataset/Test/Fake/1KGKNVH9XW.jpg,0,0,7.395131979137659e-05
228,/content/Dataset/Test/Fake/1KU0I6RF5J.jpg,0,0,4.433515277924016e-05
229,/content/Dataset/Test/Fake/1KYRPEOCYS.jpg,0,0,6.544897041749209e-05
230,/content/Dataset/Test/Fake/1L7RCHRQQ7.jpg,0,0,0.1500419472453359
231,/content/Dataset/Test/Fake/1L9E3TSKZ2.jpg,0,0,0.00015497692220378667
232,/content/Dataset/Test/Fake/1LESXVEZ8T.jpg,0,0,0.3501037364345393
233,/content/Dataset/Test/Fake/1LF478ZILK.jpg,0,0,0.00012025567411910743
234,/content/Dataset/Test/Fake/1LJ80WP9U2.jpg,0,0,2.158006464014761e-05
235,/content/Dataset/Test/Fake/1LP53Y48WR.jpg,0,0,7.010804256424308e-05
236,/content/Dataset/Test/Fake/1LT265UHQ6.jpg,0,0,0.00011743389040930197
237,/content/Dataset/Test/Fake/1LWA6BX4NF.jpg,0,0,0.15022623539553023
238,/content/Dataset/Test/Fake/1LWJCJUTLG.jpg,0,0,9.319995297119021e-05
239,/content/Dataset/Test/Fake/1M0UEJGJ0K.jpg,0,0,5.64748261240311e-05
240,/content/Dataset/Test/Fake/1M5M9YWBGX.jpg,0,0,0.00021858276159036905
241,/content/Dataset/Test/Fake/1ME2GFK2VW.jpg,0,0,0.00010351153468945995
242,/content/Dataset/Test/Fake/1MJ9ABFDWV.jpg,0,0,8.563722803955898e-05
243,/content/Dataset/Test/Fake/1MU4STDQVR.jpg,0,0,0.0004647027235478163
244,/content/Dataset/Test/Fake/1N67VX66FW.jpg,0,0,0.03608790040016174
245,/content/Dataset/Test/Fake/1N91YLADV8.jpg,0,0,0.15010938104969682
246,/content/Dataset/Test/Fake/1NAFAQPITE.jpg,0,0,0.00018133198318537325
247,/content/Dataset/Test/Fake/1NB96O4O6C.jpg,0,0,0.15018418596300762
248,/content/Dataset/Test/Fake/1NQ8BEYFWC.jpg,0,0,0.15018352924962527
249,/content/Dataset/Test/Fake/1NR57FVWOL.jpg,0,0,7.559329242212698e-05
250,/content/Dataset/Test/Fake/1NYBQE9BRJ.jpg,0,0,0.0010438954923301935
251,/content/Dataset/Test/Fake/1NZ26AJR1N.jpg,0,0,0.1501913551823236
252,/content/Dataset/Test/Fake/1OO6I9GQ1D.jpg,0,0,0.00010108578862855211
253,/content/Dataset/Test/Fake/1ORM3V0GS8.jpg,0,0,3.768813257920556e-05
254,/content/Dataset/Test/Fake/1OU2Q38M2E.jpg,0,1,1.0
255,/content/Dataset/Test/Fake/1P33XDWOMM.jpg,0,0,0.0003187316469848156
256,/content/Dataset/Test/Fake/1PLE3M183L.jpg,0,0,0.0031560894567519426
257,/content/Dataset/Test/Fake/1PSYX2F403.jpg,0,0,0.15036696859751827
258,/content/Dataset/Test/Fake/1PZXGSQ24U.jpg,0,0,0.00014606201148126274
259,/content/Dataset/Test/Fake/1Q6PE9W53U.jpg,0,0,0.15002156023219868
260,/content/Dataset/Test/Fake/1Q9F7PY0B6.jpg,0,0,6.253032915992662e-05
261,/content/Dataset/Test/Fake/1QAT0JV2HL.jpg,0,0,0.35067531649256123
262,/content/Dataset/Test/Fake/1QOZZ7LXT9.jpg,0,0,0.00023791889543645084
263,/content/Dataset/Test/Fake/1R4JXEH1BN.jpg,0,0,2.183310607506428e-05
264,/content/Dataset/Test/Fake/1RHZNDKU03.jpg,0,0,8.074588549789041e-05
265,/content/Dataset/Test/Fake/1RL78XNDPX.jpg,0,0,0.011078061535954475
266,/content/Dataset/Test/Fake/1RMTE6ETJB.jpg,0,0,0.002561769913882017
267,/content/Dataset/Test/Fake/1RRS1WIOD3.jpg,0,0,0.0012920547742396593
268,/content/Dataset/Test/Fake/1RVAUJCTZB.jpg,0,0,6.960376776987687e-05
269,/content/Dataset/Test/Fake/1S6ZHTU2AP.jpg,0,0,0.0002806992270052433
270,/content/Dataset/Test/Fake/1SDE9WANE2.jpg,0,0,0.011539370752871037
271,/content/Dataset/Test/Fake/1SFVQIO6C4.jpg,0,0,5.084079020889476e-05
272,/content/Dataset/Test/Fake/1SK9PTC2HL.jpg,0,0,0.3500556275808776
273,/content/Dataset/Test/Fake/1SL34O886F.jpg,0,0,0.3500465712873847
274,/content/Dataset/Test/Fake/1SVWMBEC59.jpg,0,0,0.0004167980805505067
275,/content/Dataset/Test/Fake/1TCUZOSRAC.jpg,0,0,0.00019487277313601226
276,/content/Dataset/Test/Fake/1TW81W443S.jpg,0,0,6.907754868734628e-05
277,/content/Dataset/Test/Fake/1UDBCUIGUN.jpg,0,0,0.00010409593960503116
278,/content/Dataset/Test/Fake/1UQYYN41BE.jpg,0,0,0.350245276838541
279,/content/Dataset/Test/Fake/1USM9N17CA.jpg,0,0,3.979261964559555e-05
280,/content/Dataset/Test/Fake/1V6HMTORU4.jpg,0,0,4.492996595217846e-05
281,/content/Dataset/Test/Fake/1VAXNFVDWO.jpg,0,0,8.71929878485389e-05
282,/content/Dataset/Test/Fake/1VC1ZYJ0K0.jpg,0,0,0.0001148038063547574
283,/content/Dataset/Test/Fake/1VLJJXE06B.jpg,0,0,0.00030674246954731643
284,/content/Dataset/Test/Fake/1VPN7IFRE0.jpg,0,0,0.0001873136789072305
285,/content/Dataset/Test/Fake/1VRTJGJFB6.jpg,0,0,0.010982622392475605
286,/content/Dataset/Test/Fake/1VWJ1SSZUT.jpg,0,0,0.15012264160613994
287,/content/Dataset/Test/Fake/1VX47PLZML.jpg,0,0,0.00017025330453179777
288,/content/Dataset/Test/Fake/1VZDFDCGSB.jpg,0,0,0.000615712720900774
289,/content/Dataset/Test/Fake/1WAZP29H1E.jpg,0,0,0.15005362462979974
290,/content/Dataset/Test/Fake/1X8GQ0OKF3.jpg,0,0,0.0012164153158664703
291,/content/Dataset/Test/Fake/1XA0UW29CG.jpg,0,0,0.00011987419566139579
292,/content/Dataset/Test/Fake/1XARY62V9I.jpg,0,0,3.461117375991307e-05
293,/content/Dataset/Test/Fake/1XJ2RB18HY.jpg,0,0,0.00016123971727211028
294,/content/Dataset/Test/Fake/1XMB9EYGAS.jpg,0,0,2.3066220819600858e-05
295,/content/Dataset/Test/Fake/1XS8A64DE4.jpg,0,0,0.0011928026797249913
296,/content/Dataset/Test/Fake/1XV4HGE6PT.jpg,0,0,0.15020343880169093
297,/content/Dataset/Test/Fake/1YPGWNJL11.jpg,0,0,0.00013996695633977652
298,/content/Dataset/Test/Fake/1Z00MR0QHD.jpg,0,0,0.15014555982488673
299,/content/Dataset/Test/Fake/1Z7I5MBWKW.jpg,0,0,5.1498656830517575e-05
300,/content/Dataset/Test/Fake/1ZB7TDAGPJ.jpg,0,0,0.1501911389263114
301,/content/Dataset/Test/Fake/1ZFVS1YKB9.jpg,0,0,0.0005778326303698123
302,/content/Dataset/Test/Fake/1ZM963BT63.jpg,0,0,4.095424810657278e-05
303,/content/Dataset/Test/Fake/1ZRLLCR0SU.jpg,0,0,0.0011828610440716147
304,/content/Dataset/Test/Fake/1ZVTFUMHCK.jpg,0,0,8.529865590389818e-05
305,/content/Dataset/Test/Fake/2A7KJ3J0A1.jpg,0,0,0.001088988035917282
306,/content/Dataset/Test/Fake/2ABQV5K6TF.jpg,0,0,9.179400512948632e-05
307,/content/Dataset/Test/Fake/2AGVWQ8XBZ.jpg,0,0,5.370399958337657e-05
308,/content/Dataset/Test/Fake/2AHOAE5S59.jpg,0,0,4.305225593270734e-05
309,/content/Dataset/Test/Fake/2BKHGCSRXT.jpg,0,0,0.00018671808356884867
310,/content/Dataset/Test/Fake/2BU44JL12L.jpg,0,0,8.381865336559713e-05
311,/content/Dataset/Test/Fake/2C86KVEKWQ.jpg,0,0,0.0007624293211847544
312,/content/Dataset/Test/Fake/2CAEXI208X.jpg,0,0,0.00010814099368872121
313,/content/Dataset/Test/Fake/2CGSB3BGDO.jpg,0,0,0.0007849965477362275
314,/content/Dataset/Test/Fake/2CK6HFOHZJ.jpg,0,0,0.3500394768321712
315,/content/Dataset/Test/Fake/2CKGRM4ZAN.jpg,0,0,0.0007402057526633143
316,/content/Dataset/Test/Fake/2CTKPPB0F5.jpg,0,0,0.15029924151021987
317,/content/Dataset/Test/Fake/2CUFQJYC3F.jpg,0,0,9.156015585176647e-05
318,/content/Dataset/Test/Fake/2DB2BPT1QQ.jpg,0,0,0.00038611661875620484
319,/content/Dataset/Test/Fake/2DG8I6HS6R.jpg,0,0,0.15003377904795343
320,/content/Dataset/Test/Fake/2DLDN0EDSM.jpg,0,0,0.15114955741446465
321,/content/Dataset/Test/Fake/2DNONDD28R.jpg,0,0,0.1500968496169662
322,/content/Dataset/Test/Fake/2DO0K10YWL.jpg,0,0,0.002438020659610629
323,/content/Dataset/Test/Fake/2DOCU85UMU.jpg,0,0,0.15023467400751542
324,/content/Dataset/Test/Fake/2DPD6SF6BU.jpg,0,0,0.00011874493065988645
325,/content/Dataset/Test/Fake/2DVB8TB4K5.jpg,0,0,0.00012523954501375556
326,/content/Dataset/Test/Fake/2E1B63PFVT.jpg,0,0,3.962717528338544e-05
327,/content/Dataset/Test/Fake/2E3E9KESAY.jpg,0,0,0.15012126116052968
328,/content/Dataset/Test/Fake/2EV9DLPNJR.jpg,0,0,0.0008042384288273752
329,/content/Dataset/Test/Fake/2F2MI83VG5.jpg,0,0,0.0009470562799833715
330,/content/Dataset/Test/Fake/2F4E0VUBIJ.jpg,0,0,4.638049358618446e-05
331,/content/Dataset/Test/Fake/2F4GI6DV3Y.jpg,0,0,0.0001527050044387579
332,/content/Dataset/Test/Fake/2F8Q7IF3JY.jpg,0,0,0.00012038624845445156
333,/content/Dataset/Test/Fake/2FAH6BP1YW.jpg,0,0,0.000149830972077325
334,/content/Dataset/Test/Fake/2FAO08IX2F.jpg,0,1,1.0
335,/content/Dataset/Test/Fake/2FBZABMYRG.jpg,0,0,0.3500784429066698
336,/content/Dataset/Test/Fake/2FDGE7JX0W.jpg,0,0,0.0001254285016329959
337,/content/Dataset/Test/Fake/2FE9PIGJQ3.jpg,0,0,0.00010546416160650551
338,/content/Dataset/Test/Fake/2FJNCS8TXW.jpg,0,0,0.1500643428575131
339,/content/Dataset/Test/Fake/2FVN7PLMI1.jpg,0,0,0.0007103253738023341
340,/content/Dataset/Test/Fake/2G3WCNQG9D.jpg,0,0,3.295158239779994e-05
341,/content/Dataset/Test/Fake/2H0UREAW77.jpg,0,0,6.926375590410316e-06
342,/content/Dataset/Test/Fake/2H45Q2BNXI.jpg,0,0,6.55899930279702e-05
343,/content/Dataset/Test/Fake/2HESZZWDD8.jpg,0,0,0.0030136797577142715
344,/content/Dataset/Test/Fake/2HGZCQ9HPB.jpg,0,0,9.800151747185737e-05
345,/content/Dataset/Test/Fake/2HIA7ASEC6.jpg,0,0,7.51404368202202e-05
346,/content/Dataset/Test/Fake/2I02I93MKQ.jpg,0,0,0.00013239170948509127
347,/content/Dataset/Test/Fake/2I24ONCU03.jpg,0,0,6.422552542062476e-05
348,/content/Dataset/Test/Fake/2ICP8O4BCR.jpg,0,0,0.0001286691549466923
349,/content/Dataset/Test/Fake/2IQ8XKRKLR.jpg,0,0,0.007100407965481281
350,/content/Dataset/Test/Fake/2IQV88G6BK.jpg,0,0,0.1500607662004768
351,/content/Dataset/Test/Fake/2ITCY9CAWG.jpg,0,0,0.00017124906298704445
352,/content/Dataset/Test/Fake/2J836EKKSX.jpg,0,0,7.948253187350929e-05
353,/content/Dataset/Test/Fake/2JBS715J5A.jpg,0,1,1.0
354,/content/Dataset/Test/Fake/2JIQTKTTHY.jpg,0,0,0.0025956416502594948
355,/content/Dataset/Test/Fake/2JXA4LALBJ.jpg,0,0,0.00024002371355891228
356,/content/Dataset/Test/Fake/2KB8KOJO9F.jpg,0,0,0.1500659301294945
357,/content/Dataset/Test/Fake/2KN0ZS1R7V.jpg,0,0,6.087838119128719e-05
358,/content/Dataset/Test/Fake/2KNHII58T7.jpg,0,0,0.1501346074132016
359,/content/Dataset/Test/Fake/2KNT0TBCD7.jpg,0,0,4.8302281356882304e-05
360,/content/Dataset/Test/Fake/2KOGE20GME.jpg,0,0,0.15026304414495825
361,/content/Dataset/Test/Fake/2KONTAU4VY.jpg,0,0,0.15006369738548528
362,/content/Dataset/Test/Fake/2KTBX8E409.jpg,0,0,0.35012277055066077
363,/content/Dataset/Test/Fake/2L070XD9EB.jpg,0,0,5.6121560191968456e-05
364,/content/Dataset/Test/Fake/2LE303AD9A.jpg,0,0,0.00011178410932188854
365,/content/Dataset/Test/Fake/2LRVYKIG9Q.jpg,0,0,0.00010542986274231225
366,/content/Dataset/Test/Fake/2LS3349XFW.jpg,0,0,0.010227562859654427
367,/content/Dataset/Test/Fake/2LUEM8SMAA.jpg,0,0,0.0017031229799613357
368,/content/Dataset/Test/Fake/2LVD5DR2C3.jpg,0,0,0.15009984458301914
369,/content/Dataset/Test/Fake/2LZ7VAPBYN.jpg,0,0,3.360461050760932e-05
370,/content/Dataset/Test/Fake/2M6SNIS809.jpg,0,0,4.876496677752584e-05
371,/content/Dataset/Test/Fake/2M8KM2C0VZ.jpg,0,0,0.00020627627964131534
372,/content/Dataset/Test/Fake/2MENKQWTRI.jpg,0,0,0.15014782957441639
373,/content/Dataset/Test/Fake/2MLQZKQA06.jpg,0,0,0.3501840095501393
374,/content/Dataset/Test/Fake/2MN3MWC2RX.jpg,0,0,8.015875209821388e-05
375,/content/Dataset/Test/Fake/2MRSSPBUIH.jpg,0,0,3.878799543599598e-05
376,/content/Dataset/Test/Fake/2MZOUNJ2YJ.jpg,0,0,0.000382595753762871
377,/content/Dataset/Test/Fake/2N5SMT8BZX.jpg,0,1,1.0
378,/content/Dataset/Test/Fake/2N7X2TGENV.jpg,0,0,0.00018282189557794482
379,/content/Dataset/Test/Fake/2N97N39CH3.jpg,0,0,0.35032190117053685
380,/content/Dataset/Test/Fake/2NBKWCL65O.jpg,0,1,0.8698251843452454
381,/content/Dataset/Test/Fake/2NBQDQDCLW.jpg,0,0,0.15005075446824775
382,/content/Dataset/Test/Fake/2NL0GZOBRA.jpg,0,0,0.49803348779678347
383,/content/Dataset/Test/Fake/2NULPRIGG8.jpg,0,0,9.245039109373465e-05
384,/content/Dataset/Test/Fake/2O2S0R8X63.jpg,0,0,6.79841177770868e-05
385,/content/Dataset/Test/Fake/2O6ITX1Z51.jpg,0,0,9.447360207559541e-05
386,/content/Dataset/Test/Fake/2O6L9MJEB4.jpg,0,0,0.0004312407982069999
387,/content/Dataset/Test/Fake/2OQZ7I4L8W.jpg,0,0,0.0004605356662068516
388,/content/Dataset/Test/Fake/2OS8C32G4H.jpg,0,0,0.1502505118609406
389,/content/Dataset/Test/Fake/2P0U0UWIAY.jpg,0,0,0.0005644643097184598
390,/content/Dataset/Test/Fake/2P24C9EZBD.jpg,0,0,7.153175101848319e-05
391,/content/Dataset/Test/Fake/2P267FSQHM.jpg,0,0,4.7295179683715105e-05
392,/content/Dataset/Test/Fake/2PBWBLJIK9.jpg,0,0,0.15008624579641036
393,/content/Dataset/Test/Fake/2PEBY6F5P9.jpg,0,0,0.150124161990243
394,/content/Dataset/Test/Fake/2PPNU3X4P1.jpg,0,0,0.00023115069780033082
395,/content/Dataset/Test/Fake/2PUQANEQHV.jpg,0,0,5.836190393893048e-05
396,/content/Dataset/Test/Fake/2QAO8FNT68.jpg,0,0,0.15004483084194362
397,/content/Dataset/Test/Fake/2QJBIWATYQ.jpg,0,0,0.15028820062289014
398,/content/Dataset/Test/Fake/2QLUG2Q3YE.jpg,0,0,9.071221575140953e-05
399,/content/Dataset/Test/Fake/2QQC12OXYD.jpg,0,0,0.3501185379151138
400,/content/Dataset/Test/Fake/2QX8D4NYE2.jpg,0,0,9.904556645778939e-05
401,/content/Dataset/Test/Fake/2QZMFD489V.jpg,0,0,0.00018464770982973278
402,/content/Dataset/Test/Fake/2R7FXFG3LT.jpg,0,0,7.382321928162128e-05
403,/content/Dataset/Test/Fake/2RKBWRK2MG.jpg,0,0,0.0006921731983311474
404,/content/Dataset/Test/Fake/2RKUK1U8E4.jpg,0,0,6.435770774260163e-05
405,/content/Dataset/Test/Fake/2RN7OUSJXW.jpg,0,1,1.0
406,/content/Dataset/Test/Fake/2ROZTYLLHS.jpg,0,0,1.7938473320100456e-05
407,/content/Dataset/Test/Fake/2RQ5167O09.jpg,0,0,0.15191610248293727
408,/content/Dataset/Test/Fake/2S0NT07S63.jpg,0,0,0.0005899927346035838
409,/content/Dataset/Test/Fake/2SHB73CKKD.jpg,0,0,0.1500912085379241
410,/content/Dataset/Test/Fake/2SJXVVNWVL.jpg,0,0,8.727483509574085e-05
411,/content/Dataset/Test/Fake/2SRQSEOS9U.jpg,0,0,0.00016169282025657594
412,/content/Dataset/Test/Fake/2SVEHMHG8W.jpg,0,0,0.0465976856648922
413,/content/Dataset/Test/Fake/2SYVC12VY8.jpg,0,0,6.485872290795669e-05
414,/content/Dataset/Test/Fake/2T8975NF2M.jpg,0,0,0.15017330536502413
415,/content/Dataset/Test/Fake/2TEA14VK59.jpg,0,0,0.1500902840110939
416,/content/Dataset/Test/Fake/2TNI4E6PL3.jpg,0,0,0.1502992004447151
417,/content/Dataset/Test/Fake/2TSVE42PCX.jpg,0,0,5.427192445495166e-05
418,/content/Dataset/Test/Fake/2U0H4YQ1RU.jpg,0,0,0.00018908624770119786
419,/content/Dataset/Test/Fake/2U0JGJI9JI.jpg,0,0,2.4659988412167877e-05
420,/content/Dataset/Test/Fake/2UA1V04TG9.jpg,0,0,0.00029758739401586354
421,/content/Dataset/Test/Fake/2UDSBIIXXD.jpg,0,0,9.860491991275921e-05
422,/content/Dataset/Test/Fake/2UJYZFLQIQ.jpg,0,0,0.0004114322946406901
423,/content/Dataset/Test/Fake/2UKBV92UOL.jpg,0,0,0.00014007843856234103
424,/content/Dataset/Test/Fake/2UNDTIY9KB.jpg,0,0,5.7478515373077244e-05
425,/content/Dataset/Test/Fake/2V741FM9M5.jpg,0,0,6.963072519283742e-05
426,/content/Dataset/Test/Fake/2VAD4A42YV.jpg,0,0,9.798777318792418e-05
427,/content/Dataset/Test/Fake/2W07G2A0TE.jpg,0,0,0.0016872886335477233
428,/content/Dataset/Test/Fake/2W1Q8QQAZV.jpg,0,0,0.15005707824675482
429,/content/Dataset/Test/Fake/2W56V3IEM1.jpg,0,0,0.00012547957885544747
430,/content/Dataset/Test/Fake/2W64K67JBG.jpg,0,0,0.0005169003852643073
431,/content/Dataset/Test/Fake/2WCRE95KIH.jpg,0,0,0.00022056387388147414
432,/content/Dataset/Test/Fake/2WK0IUKK97.jpg,0,0,0.15011057256779167
433,/content/Dataset/Test/Fake/2WK12NFN09.jpg,0,0,0.0001718208659440279
434,/content/Dataset/Test/Fake/2WOQ223DVN.jpg,0,0,8.822001836961135e-05
435,/content/Dataset/Test/Fake/2X4EGB0H4R.jpg,0,0,9.979928290704265e-05
436,/content/Dataset/Test/Fake/2X7R1C8DDA.jpg,0,0,0.1507658103131689
437,/content/Dataset/Test/Fake/2XCLP2FIBY.jpg,0,0,2.870884236472193e-05
438,/content/Dataset/Test/Fake/2XFGE9SGSG.jpg,0,0,0.00013413385022431612
439,/content/Dataset/Test/Fake/2XZPKTJETM.jpg,0,0,0.350164637574926
440,/content/Dataset/Test/Fake/2Y2GDMG6QV.jpg,0,0,0.1503277261275798
441,/content/Dataset/Test/Fake/2Y2LC0ZZEO.jpg,0,0,0.3500763194184401
442,/content/Dataset/Test/Fake/2YA6CKPJF1.jpg,0,0,0.0007578940712846816
443,/content/Dataset/Test/Fake/2YL1IQAHQ1.jpg,0,0,0.0009101666510105133
444,/content/Dataset/Test/Fake/2YPL156EQ9.jpg,0,0,0.007069512736052275
445,/content/Dataset/Test/Fake/2Z02V550J5.jpg,0,0,0.000952131871599704
446,/content/Dataset/Test/Fake/2Z4S7DWZS6.jpg,0,0,0.00010680381819838658
447,/content/Dataset/Test/Fake/2ZBV6912IV.jpg,0,0,0.00014059375098440796
448,/content/Dataset/Test/Fake/2ZFEBBYAFR.jpg,0,0,6.436494732042775e-05
449,/content/Dataset/Test/Fake/2ZK4AVD0ZX.jpg,0,0,0.3501070285143214
450,/content/Dataset/Test/Fake/2ZO5I04QUL.jpg,0,0,0.35330052082426844
451,/content/Dataset/Test/Fake/3A1J3HTI3O.jpg,0,0,0.1500635640681139
452,/content/Dataset/Test/Fake/3AB6BEUG26.jpg,0,0,0.00011651257227640599
453,/content/Dataset/Test/Fake/3ABFKUFYX8.jpg,0,0,0.00034288852475583553
454,/content/Dataset/Test/Fake/3ADUPQXXLA.jpg,0,0,0.00014571993960998952
455,/content/Dataset/Test/Fake/3AH41F9RR6.jpg,0,0,3.6123772588325664e-05
456,/content/Dataset/Test/Fake/3AN7SLLN7Q.jpg,0,0,0.043664682656526566
457,/content/Dataset/Test/Fake/3ASH8YU4I7.jpg,0,0,0.00010240389383397996
458,/content/Dataset/Test/Fake/3AYFR9FOU7.jpg,0,0,0.16373610459268093
459,/content/Dataset/Test/Fake/3B0FMKVX12.jpg,0,0,0.0006470907246693969
460,/content/Dataset/Test/Fake/3BJMSQ923M.jpg,0,0,0.00022992593585513532
461,/content/Dataset/Test/Fake/3BMHAVVXTE.jpg,0,0,3.0948798666941e-05
462,/content/Dataset/Test/Fake/3BMJHMESXA.jpg,0,0,0.00044208657345734537
463,/content/Dataset/Test/Fake/3BSCGWP17A.jpg,0,0,0.0004082030209247023
464,/content/Dataset/Test/Fake/3BT6QT7X77.jpg,0,0,0.00011257667938480154
465,/content/Dataset/Test/Fake/3C0BQTYKSY.jpg,0,0,8.400277147302404e-05
466,/content/Dataset/Test/Fake/3C7AMB1U18.jpg,0,0,0.00016855422290973365
467,/content/Dataset/Test/Fake/3CBILF4HN5.jpg,0,0,0.15034018731093965
468,/content/Dataset/Test/Fake/3CDCMQ6L1V.jpg,0,0,0.026295190677046776
469,/content/Dataset/Test/Fake/3CNROSH8ZR.jpg,0,0,0.1501230289635714
470,/content/Dataset/Test/Fake/3CV3XZHQIZ.jpg,0,0,0.15024038029368966
471,/content/Dataset/Test/Fake/3D5V2PJMIF.jpg,0,0,0.0013466163072735071
472,/content/Dataset/Test/Fake/3DJ9PVU2DW.jpg,0,1,0.9999943971633911
473,/content/Dataset/Test/Fake/3DQM55A88C.jpg,0,0,0.15003602929791668
474,/content/Dataset/Test/Fake/3DR8TBF2EA.jpg,0,0,0.0003856119292322546
475,/content/Dataset/Test/Fake/3DTECHY2A2.jpg,0,0,0.0022306544706225395
476,/content/Dataset/Test/Fake/3DU75Z1520.jpg,0,0,0.00017948381719179451
477,/content/Dataset/Test/Fake/3DW80ZIV8J.jpg,0,1,0.7879690527915955
478,/content/Dataset/Test/Fake/3EJA8NJK6G.jpg,0,0,0.150135199399665
479,/content/Dataset/Test/Fake/3ENIF024ZS.jpg,0,0,0.35016504309314767
480,/content/Dataset/Test/Fake/3EVGB9KJ3H.jpg,0,0,2.877237602660898e-05
481,/content/Dataset/Test/Fake/3EWUV5UPP0.jpg,0,0,0.00012673981836996973
482,/content/Dataset/Test/Fake/3F16NSME2D.jpg,0,0,0.00012750930909533054
483,/content/Dataset/Test/Fake/3F1LG7XV3J.jpg,0,0,4.0983784856507555e-05
484,/content/Dataset/Test/Fake/3F34T2I98C.jpg,0,0,0.15044326536590233
485,/content/Dataset/Test/Fake/3F7VJ72XEQ.jpg,0,0,4.6352812205441296e-05
486,/content/Dataset/Test/Fake/3FCLA689RF.jpg,0,0,0.00023226301709655672
487,/content/Dataset/Test/Fake/3FJHZ71L0A.jpg,0,0,0.0016203282866626978
488,/content/Dataset/Test/Fake/3FLZ80UPQ4.jpg,0,0,0.0004362795443739742
489,/content/Dataset/Test/Fake/3FRMG92VOH.jpg,0,0,0.00011132191866636276
490,/content/Dataset/Test/Fake/3FRVRL4XK9.jpg,0,0,0.35595066836103795
491,/content/Dataset/Test/Fake/3FSJDNDHIV.jpg,0,0,0.00014354907034430653
492,/content/Dataset/Test/Fake/3G6HF4C5DQ.jpg,0,0,0.15540378736332058
493,/content/Dataset/Test/Fake/3G6TI1GENF.jpg,0,0,0.1500780653062975
494,/content/Dataset/Test/Fake/3G8857YH8J.jpg,0,0,0.15014798033225815
495,/content/Dataset/Test/Fake/3GC8Q48S3X.jpg,0,0,0.00016685518494341522
496,/content/Dataset/Test/Fake/3GEPYQGWX7.jpg,0,0,0.19338150322437286
497,/content/Dataset/Test/Fake/3GJBJ623I6.jpg,0,0,0.00014749406545888633
498,/content/Dataset/Test/Fake/3GKVSHPWPE.jpg,0,0,0.0001550457818666473
499,/content/Dataset/Test/Fake/3GPA9KYX90.jpg,0,0,0.15007428973913192
500,/content/Dataset/Test/Fake/3GZ2T7OKY4.jpg,0,0,0.15008830434671835
501,/content/Dataset/Test/Fake/3H482QDXFC.jpg,0,0,0.3500821806534077
502,/content/Dataset/Test/Fake/3H7ZG8KAEF.jpg,0,0,8.87927453732118e-05
503,/content/Dataset/Test/Fake/3HE9903K8P.jpg,0,0,0.00020354939624667168
504,/content/Dataset/Test/Fake/3HJ4TRF55Z.jpg,0,0,3.154450678266585e-05
505,/content/Dataset/Test/Fake/3HK59VWSES.jpg,0,0,3.4916902222903445e-05
506,/content/Dataset/Test/Fake/3HLV3PAFIM.jpg,0,0,0.000750587903894484
507,/content/Dataset/Test/Fake/3HOE67FEHM.jpg,0,0,7.807357178535312e-05
508,/content/Dataset/Test/Fake/3I3OWZYH9J.jpg,0,0,0.0003130999393761158
509,/content/Dataset/Test/Fake/3IBMQBJ7DS.jpg,0,0,5.692956619895995e-05
510,/content/Dataset/Test/Fake/3IH3T06G3Z.jpg,0,1,1.0
511,/content/Dataset/Test/Fake/3IOEA7OR3T.jpg,0,0,0.0007648963946849108
512,/content/Dataset/Test/Fake/3ISOQGEV6U.jpg,0,0,0.00013530901924241334
513,/content/Dataset/Test/Fake/3J321C0HGP.jpg,0,0,0.1501050588543876
514,/content/Dataset/Test/Fake/3J7WLP4BGO.jpg,0,0,0.35167270645033566
515,/content/Dataset/Test/Fake/3J8TMX9CL4.jpg,0,0,0.0005973615916445851
516,/content/Dataset/Test/Fake/3J9A0TW42F.jpg,0,0,5.555500683840364e-05
517,/content/Dataset/Test/Fake/fake_100_aug_2.jpg,0,1,1.0
518,/content/Dataset/Test/Fake/fake_100_aug_3.jpg,0,0,0.0007076599285937846
519,/content/Dataset/Test/Fake/fake_101_aug_3.jpg,0,1,0.7670581936836243
520,/content/Dataset/Test/Fake/fake_101_aug_4.jpg,0,0,0.00014114704390522093
521,/content/Dataset/Test/Fake/fake_105_aug_2.jpg,0,0,0.3500932643233682
522,/content/Dataset/Test/Fake/fake_105_aug_3.jpg,0,1,0.9999990463256836
523,/content/Dataset/Test/Fake/fake_106_aug_2.jpg,0,0,7.094230386428535e-05
524,/content/Dataset/Test/Fake/fake_107_aug_0.jpg,0,1,0.9973381161689758
525,/content/Dataset/Test/Fake/fake_107_aug_3.jpg,0,0,0.15006484772166004
526,/content/Dataset/Test/Fake/fake_107_aug_4.jpg,0,0,5.5067215726012364e-05
527,/content/Dataset/Test/Fake/fake_110_aug_0.jpg,0,1,0.9998705387115479
528,/content/Dataset/Test/Fake/fake_110_aug_4.jpg,0,0,0.15296549824997782
529,/content/Dataset/Test/Fake/fake_111_aug_0.jpg,0,0,0.15002719303302
530,/content/Dataset/Test/Fake/fake_113_aug_1.jpg,0,0,8.014317427296191e-05
531,/content/Dataset/Test/Fake/fake_117_aug_4.jpg,0,0,0.017041129991412163
532,/content/Dataset/Test/Fake/fake_119_aug_0.jpg,0,0,9.03351537999697e-05
533,/content/Dataset/Test/Fake/fake_119_aug_4.jpg,0,1,1.0
534,/content/Dataset/Test/Fake/fake_11_aug_0.jpg,0,1,0.9647984504699707
535,/content/Dataset/Test/Fake/fake_11_aug_1.jpg,0,0,0.0003166152164340019
536,/content/Dataset/Test/Fake/fake_120_aug_0.jpg,0,0,0.017123233526945114
537,/content/Dataset/Test/Fake/fake_120_aug_4.jpg,0,0,0.00022353546228259802
538,/content/Dataset/Test/Fake/fake_122_aug_3.jpg,0,0,0.0037215990014374256
539,/content/Dataset/Test/Fake/fake_125_aug_0.jpg,0,0,3.624973396654241e-05
540,/content/Dataset/Test/Fake/fake_125_aug_2.jpg,0,0,0.00039430527249351144
541,/content/Dataset/Test/Fake/fake_126_aug_1.jpg,0,0,2.7710397262126207e-05
542,/content/Dataset/Test/Fake/fake_129_aug_1.jpg,0,0,3.479046426946297e-05
543,/content/Dataset/Test/Fake/fake_129_aug_4.jpg,0,0,1.7882890460896306e-05
544,/content/Dataset/Test/Fake/fake_12_aug_2.jpg,0,0,0.000348232890246436
545,/content/Dataset/Test/Fake/fake_130_aug_1.jpg,0,0,3.5121051041642204e-05
546,/content/Dataset/Test/Fake/fake_131_aug_4.jpg,0,0,5.695911022485234e-05
547,/content/Dataset/Test/Fake/fake_133_aug_4.jpg,0,0,0.00019948551198467612
548,/content/Dataset/Test/Fake/fake_136_aug_1.jpg,0,0,0.0004192408814560622
549,/content/Dataset/Test/Fake/fake_137_aug_0.jpg,0,1,0.9999998807907104
550,/content/Dataset/Test/Fake/fake_137_aug_2.jpg,0,1,1.0
551,/content/Dataset/Test/Fake/fake_13_aug_2.jpg,0,0,0.15002370693619013
552,/content/Dataset/Test/Fake/fake_140_aug_0.jpg,0,0,0.18858961164951324
553,/content/Dataset/Test/Fake/fake_141_aug_2.jpg,0,0,4.8061105189844966e-05
554,/content/Dataset/Test/Fake/fake_142_aug_0.jpg,0,0,0.15014130688214208
555,/content/Dataset/Test/Fake/fake_145_aug_2.jpg,0,0,0.15008468029409414
556,/content/Dataset/Test/Fake/fake_151_aug_2.jpg,0,0,0.00010139083315152675
557,/content/Dataset/Test/Fake/fake_152_aug_1.jpg,0,0,0.15007229665789054
558,/content/Dataset/Test/Fake/fake_156_aug_1.jpg,0,0,0.15002274988946737
559,/content/Dataset/Test/Fake/fake_157_aug_2.jpg,0,1,0.9996432065963745
560,/content/Dataset/Test/Fake/fake_158_aug_2.jpg,0,1,0.9999412298202515
561,/content/Dataset/Test/Fake/fake_160_aug_4.jpg,0,0,0.15136372353881597
562,/content/Dataset/Test/Fake/fake_161_aug_2.jpg,0,0,0.1507449317490682
563,/content/Dataset/Test/Fake/fake_162_aug_2.jpg,0,1,0.9974853992462158
564,/content/Dataset/Test/Fake/fake_163_aug_3.jpg,0,0,5.752895958721638e-05
565,/content/Dataset/Test/Fake/fake_166_aug_0.jpg,0,0,5.0244103476870805e-05
566,/content/Dataset/Test/Fake/fake_166_aug_2.jpg,0,0,4.8887613957049325e-05
567,/content/Dataset/Test/Fake/fake_169_aug_1.jpg,0,0,9.646747639635578e-05
568,/content/Dataset/Test/Fake/fake_16_aug_2.jpg,0,1,0.9999971389770508
569,/content/Dataset/Test/Fake/fake_171_aug_0.jpg,0,1,0.9839577674865723
570,/content/Dataset/Test/Fake/fake_173_aug_1.jpg,0,0,0.025460584089159966
571,/content/Dataset/Test/Fake/fake_173_aug_4.jpg,0,0,0.16193583384156227
572,/content/Dataset/Test/Fake/fake_176_aug_0.jpg,0,0,0.00012286833953112364
573,/content/Dataset/Test/Fake/fake_177_aug_2.jpg,0,0,0.35004149068627155
574,/content/Dataset/Test/Fake/fake_178_aug_4.jpg,0,0,5.5342861742246896e-05
575,/content/Dataset/Test/Fake/fake_179_aug_1.jpg,0,0,0.1599814124405384
576,/content/Dataset/Test/Fake/fake_17_aug_1.jpg,0,0,1.871455242508091e-05
577,/content/Dataset/Test/Fake/fake_180_aug_0.jpg,0,0,0.35004100873411514
578,/content/Dataset/Test/Fake/fake_181_aug_2.jpg,0,0,0.15020097696688026
579,/content/Dataset/Test/Fake/fake_182_aug_3.jpg,0,0,7.89770856499672e-05
580,/content/Dataset/Test/Fake/fake_182_aug_4.jpg,0,1,0.9968042373657227
581,/content/Dataset/Test/Fake/fake_187_aug_2.jpg,0,0,0.00022495750454254448
582,/content/Dataset/Test/Fake/fake_188_aug_0.jpg,0,0,0.15004166069993516
583,/content/Dataset/Test/Fake/fake_188_aug_4.jpg,0,0,9.356978262076154e-05
584,/content/Dataset/Test/Fake/fake_18_aug_1.jpg,0,0,0.0003114146529696882
585,/content/Dataset/Test/Fake/fake_190_aug_2.jpg,0,0,4.395128053147346e-05
586,/content/Dataset/Test/Fake/fake_190_aug_4.jpg,0,0,0.0015007893089205027
587,/content/Dataset/Test/Fake/fake_196_aug_0.jpg,0,0,0.35088168965885413
588,/content/Dataset/Test/Fake/fake_196_aug_3.jpg,0,1,0.9970259070396423
589,/content/Dataset/Test/Fake/fake_196_aug_4.jpg,0,0,0.0366537868976593
590,/content/Dataset/Test/Fake/fake_199_aug_4.jpg,0,0,0.00028590502915903926
591,/content/Dataset/Test/Fake/fake_19_aug_4.jpg,0,0,8.978210826171562e-05
592,/content/Dataset/Test/Fake/fake_1_aug_3.jpg,0,0,0.0005574971437454224
593,/content/Dataset/Test/Fake/fake_200_aug_2.jpg,0,0,0.0008261462207883596
594,/content/Dataset/Test/Fake/fake_200_aug_3.jpg,0,0,0.3506219405913725
595,/content/Dataset/Test/Fake/fake_201_aug_3.jpg,0,0,0.1633066400885582
596,/content/Dataset/Test/Fake/fake_202_aug_2.jpg,0,0,0.16034851651638746
597,/content/Dataset/Test/Fake/fake_202_aug_3.jpg,0,0,0.008207248523831367
598,/content/Dataset/Test/Fake/fake_205_aug_2.jpg,0,0,8.530882769264281e-05
599,/content/Dataset/Test/Fake/fake_205_aug_3.jpg,0,0,0.0002579368301667273
600,/content/Dataset/Test/Fake/fake_209_aug_4.jpg,0,0,0.0003423982416279614
601,/content/Dataset/Test/Fake/fake_20_aug_1.jpg,0,0,1.3755719010077883e-05
602,/content/Dataset/Test/Fake/fake_211_aug_0.jpg,0,0,0.00010789120278786868
603,/content/Dataset/Test/Fake/fake_216_aug_0.jpg,0,0,0.3808864563703537
604,/content/Dataset/Test/Fake/fake_216_aug_1.jpg,0,1,0.8376838564872742
605,/content/Dataset/Test/Fake/fake_218_aug_0.jpg,0,0,9.798740211408585e-05
606,/content/Dataset/Test/Fake/fake_218_aug_1.jpg,0,0,0.41508966088294985
607,/content/Dataset/Test/Fake/fake_219_aug_4.jpg,0,0,0.15161884957924485
608,/content/Dataset/Test/Fake/fake_223_aug_4.jpg,0,1,1.0
609,/content/Dataset/Test/Fake/fake_224_aug_1.jpg,0,0,0.3500300828924082
610,/content/Dataset/Test/Fake/fake_224_aug_2.jpg,0,0,0.15006272712926147
611,/content/Dataset/Test/Fake/fake_224_aug_4.jpg,0,0,3.333518543513492e-05
612,/content/Dataset/Test/Fake/fake_226_aug_0.jpg,0,0,0.00012417098332662135
613,/content/Dataset/Test/Fake/fake_228_aug_4.jpg,0,0,1.2186375897726975e-05
614,/content/Dataset/Test/Fake/fake_229_aug_4.jpg,0,0,0.00016881010378710926
615,/content/Dataset/Test/Fake/fake_22_aug_2.jpg,0,0,0.00042487424798309803
616,/content/Dataset/Test/Fake/fake_231_aug_2.jpg,0,0,0.0020470013841986656
617,/content/Dataset/Test/Fake/fake_232_aug_3.jpg,0,1,0.9999988079071045
618,/content/Dataset/Test/Fake/fake_232_aug_4.jpg,0,0,0.00011376980546629056
619,/content/Dataset/Test/Fake/fake_233_aug_0.jpg,0,0,0.0001041927607730031
620,/content/Dataset/Test/Fake/fake_234_aug_2.jpg,0,0,0.00020579418924171478
621,/content/Dataset/Test/Fake/fake_236_aug_4.jpg,0,0,0.1500742204792914
622,/content/Dataset/Test/Fake/fake_237_aug_1.jpg,0,1,0.9999990463256836
623,/content/Dataset/Test/Fake/fake_238_aug_0.jpg,0,0,0.00040183926466852427
624,/content/Dataset/Test/Fake/fake_238_aug_4.jpg,0,1,1.0
625,/content/Dataset/Test/Fake/fake_240_aug_3.jpg,0,0,0.0004177804512437433
626,/content/Dataset/Test/Fake/fake_241_aug_0.jpg,0,0,0.15004345060369814
627,/content/Dataset/Test/Fake/fake_241_aug_2.jpg,0,1,1.0
628,/content/Dataset/Test/Fake/fake_243_aug_1.jpg,0,0,0.0007727178744971752
629,/content/Dataset/Test/Fake/fake_246_aug_0.jpg,0,0,0.1502927623281721
630,/content/Dataset/Test/Fake/fake_247_aug_0.jpg,0,0,5.274514842312783e-05
631,/content/Dataset/Test/Fake/fake_247_aug_2.jpg,0,0,0.0005078313406556845
632,/content/Dataset/Test/Fake/fake_248_aug_2.jpg,0,0,4.341357634984888e-05
633,/content/Dataset/Test/Fake/fake_248_aug_4.jpg,0,0,0.15001142215842264
634,/content/Dataset/Test/Fake/fake_24_aug_0.jpg,0,0,0.00012770523608196527
635,/content/Dataset/Test/Fake/fake_24_aug_3.jpg,0,0,7.936211477499455e-05
636,/content/Dataset/Test/Fake/fake_250_aug_0.jpg,0,0,0.35004238376641295
637,/content/Dataset/Test/Fake/fake_251_aug_3.jpg,0,0,0.0008823905955068767
638,/content/Dataset/Test/Fake/fake_255_aug_4.jpg,0,0,0.0004521602240856737
639,/content/Dataset/Test/Fake/fake_256_aug_3.jpg,0,0,0.1500335165314027
640,/content/Dataset/Test/Fake/fake_257_aug_4.jpg,0,0,0.000579980609472841
641,/content/Dataset/Test/Fake/fake_258_aug_2.jpg,0,0,6.66913329041563e-05
642,/content/Dataset/Test/Fake/fake_259_aug_1.jpg,0,0,0.1500694412010489
643,/content/Dataset/Test/Fake/fake_260_aug_0.jpg,0,0,2.3673857867834158e-05
644,/content/Dataset/Test/Fake/fake_261_aug_1.jpg,0,0,0.3501017840404529
645,/content/Dataset/Test/Fake/fake_261_aug_4.jpg,0,0,0.01535122375935316
646,/content/Dataset/Test/Fake/fake_263_aug_0.jpg,0,0,4.575600542011671e-05
647,/content/Dataset/Test/Fake/fake_266_aug_0.jpg,0,0,0.1500717573420843
648,/content/Dataset/Test/Fake/fake_267_aug_0.jpg,0,0,0.018854863941669464
649,/content/Dataset/Test/Fake/fake_268_aug_2.jpg,0,0,0.042679768055677414
650,/content/Dataset/Test/Fake/fake_269_aug_2.jpg,0,0,0.010137757286429405
651,/content/Dataset/Test/Fake/fake_26_aug_4.jpg,0,1,1.0
652,/content/Dataset/Test/Fake/fake_270_aug_2.jpg,0,0,0.15003879335781675
653,/content/Dataset/Test/Fake/fake_271_aug_4.jpg,0,0,0.15005286414307192
654,/content/Dataset/Test/Fake/fake_272_aug_0.jpg,0,0,0.00015684905520174652
655,/content/Dataset/Test/Fake/fake_275_aug_4.jpg,0,0,0.000132736298837699
656,/content/Dataset/Test/Fake/fake_276_aug_3.jpg,0,0,0.15004981942038284
657,/content/Dataset/Test/Fake/fake_279_aug_0.jpg,0,0,0.0038603113498538733
658,/content/Dataset/Test/Fake/fake_27_aug_0.jpg,0,0,0.00023059596423991024
659,/content/Dataset/Test/Fake/fake_27_aug_2.jpg,0,0,0.1507719668210484
660,/content/Dataset/Test/Fake/fake_280_aug_3.jpg,0,0,3.3171971153933555e-05
661,/content/Dataset/Test/Fake/fake_281_aug_3.jpg,0,0,9.151711856247857e-05
662,/content/Dataset/Test/Fake/fake_282_aug_2.jpg,0,0,0.15004805404387297
663,/content/Dataset/Test/Fake/fake_283_aug_4.jpg,0,0,5.6273871450684965e-05
664,/content/Dataset/Test/Fake/fake_284_aug_2.jpg,0,0,2.3860919100116007e-05
665,/content/Dataset/Test/Fake/fake_285_aug_4.jpg,0,0,0.15004591861579683
666,/content/Dataset/Test/Fake/fake_286_aug_2.jpg,0,0,8.80303414305672e-05
667,/content/Dataset/Test/Fake/fake_286_aug_3.jpg,0,0,7.636265218025073e-05
668,/content/Dataset/Test/Fake/fake_287_aug_1.jpg,0,0,0.1502046770241577
669,/content/Dataset/Test/Fake/fake_28_aug_4.jpg,0,0,0.2429584354162216
670,/content/Dataset/Test/Fake/fake_290_aug_4.jpg,0,0,0.15087374390568584
671,/content/Dataset/Test/Fake/fake_291_aug_1.jpg,0,0,1.2416729987307917e-05
672,/content/Dataset/Test/Fake/fake_292_aug_2.jpg,0,0,0.3500399223863496
673,/content/Dataset/Test/Fake/fake_293_aug_2.jpg,0,0,0.0007078852504491806
674,/content/Dataset/Test/Fake/fake_294_aug_2.jpg,0,1,1.0
675,/content/Dataset/Test/Fake/fake_297_aug_3.jpg,0,0,0.0005806136759929359
676,/content/Dataset/Test/Fake/fake_297_aug_4.jpg,0,0,0.0005156619008630514
677,/content/Dataset/Test/Fake/fake_299_aug_2.jpg,0,0,0.00015344179701060057
678,/content/Dataset/Test/Fake/fake_299_aug_4.jpg,0,0,0.15001411186076438
679,/content/Dataset/Test/Fake/fake_2_aug_0.jpg,0,0,2.2719623302691616e-05
680,/content/Dataset/Test/Fake/fake_2_aug_4.jpg,0,1,0.9999996423721313
681,/content/Dataset/Test/Fake/fake_300_aug_3.jpg,0,0,0.1567751556634903
682,/content/Dataset/Test/Fake/fake_301_aug_3.jpg,0,0,0.150028404785553
683,/content/Dataset/Test/Fake/fake_301_aug_4.jpg,0,0,0.15006329989992082
684,/content/Dataset/Test/Fake/fake_303_aug_2.jpg,0,0,4.498175621847622e-05
685,/content/Dataset/Test/Fake/fake_305_aug_0.jpg,0,0,0.0005030813626945019
686,/content/Dataset/Test/Fake/fake_306_aug_3.jpg,0,0,0.1501993178302655
687,/content/Dataset/Test/Fake/fake_308_aug_4.jpg,0,0,0.0032110968604683876
688,/content/Dataset/Test/Fake/fake_30_aug_4.jpg,0,0,0.0016868357779458165
689,/content/Dataset/Test/Fake/fake_310_aug_2.jpg,0,0,0.0024327035062015057
690,/content/Dataset/Test/Fake/fake_311_aug_4.jpg,0,0,0.00013137773203197867
691,/content/Dataset/Test/Fake/fake_312_aug_4.jpg,0,0,7.467840623576194e-05
692,/content/Dataset/Test/Fake/fake_313_aug_2.jpg,0,1,1.0
693,/content/Dataset/Test/Fake/fake_316_aug_3.jpg,0,0,0.0002643343759700656
694,/content/Dataset/Test/Fake/fake_317_aug_3.jpg,0,0,0.150019022350898
695,/content/Dataset/Test/Fake/fake_317_aug_4.jpg,0,0,4.35137226304505e-05
696,/content/Dataset/Test/Fake/fake_320_aug_2.jpg,0,0,4.891531352768652e-05
697,/content/Dataset/Test/Fake/fake_323_aug_1.jpg,0,0,0.00024919642601162195
698,/content/Dataset/Test/Fake/fake_326_aug_3.jpg,0,0,3.686658965307288e-05
699,/content/Dataset/Test/Fake/fake_327_aug_0.jpg,0,0,0.15007045413804007
700,/content/Dataset/Test/Fake/fake_328_aug_2.jpg,0,0,0.15003115068830084
701,/content/Dataset/Test/Fake/fake_328_aug_3.jpg,0,0,0.00010337660205550492
702,/content/Dataset/Test/Fake/fake_329_aug_0.jpg,0,1,1.0
703,/content/Dataset/Test/Fake/fake_32_aug_3.jpg,0,1,0.9998929500579834
704,/content/Dataset/Test/Fake/fake_330_aug_2.jpg,0,0,3.198290869477205e-05
705,/content/Dataset/Test/Fake/fake_334_aug_0.jpg,0,0,0.001058279536664486
706,/content/Dataset/Test/Fake/fake_337_aug_4.jpg,0,0,0.02383400686085224
707,/content/Dataset/Test/Fake/fake_33_aug_3.jpg,0,0,0.000316235120408237
708,/content/Dataset/Test/Fake/fake_340_aug_1.jpg,0,0,0.00018261873628944159
709,/content/Dataset/Test/Fake/fake_340_aug_2.jpg,0,0,0.00018018959963228554
710,/content/Dataset/Test/Fake/fake_341_aug_1.jpg,0,0,0.0001131438257289119
711,/content/Dataset/Test/Fake/fake_341_aug_4.jpg,0,0,0.00033996650017797947
712,/content/Dataset/Test/Fake/fake_345_aug_1.jpg,0,0,0.039305053651332855
713,/content/Dataset/Test/Fake/fake_347_aug_1.jpg,0,0,5.817443161504343e-05
714,/content/Dataset/Test/Fake/fake_348_aug_2.jpg,0,0,0.0001534897746751085
715,/content/Dataset/Test/Fake/fake_349_aug_2.jpg,0,1,0.9999972581863403
716,/content/Dataset/Test/Fake/fake_349_aug_3.jpg,0,1,0.9974587559700012
717,/content/Dataset/Test/Fake/fake_34_aug_3.jpg,0,0,9.394787775818259e-05
718,/content/Dataset/Test/Fake/fake_352_aug_1.jpg,0,0,7.180841930676252e-05
719,/content/Dataset/Test/Fake/fake_355_aug_0.jpg,0,0,0.002722254954278469
720,/content/Dataset/Test/Fake/fake_357_aug_1.jpg,0,0,0.00010013578867074102
721,/content/Dataset/Test/Fake/fake_357_aug_3.jpg,0,0,0.00013466902601066977
722,/content/Dataset/Test/Fake/fake_359_aug_0.jpg,0,0,0.15002252593003504
723,/content/Dataset/Test/Fake/fake_360_aug_2.jpg,0,0,0.00011697890295181423
724,/content/Dataset/Test/Fake/fake_363_aug_0.jpg,0,0,5.921379124629311e-05
725,/content/Dataset/Test/Fake/fake_366_aug_1.jpg,0,0,9.307572327088565e-06
726,/content/Dataset/Test/Fake/fake_367_aug_3.jpg,0,0,0.010891087353229523
727,/content/Dataset/Test/Fake/fake_368_aug_3.jpg,0,0,0.16508808974176645
728,/content/Dataset/Test/Fake/fake_369_aug_4.jpg,0,0,0.00019471973064355552
729,/content/Dataset/Test/Fake/fake_36_aug_2.jpg,0,0,0.0008414372568950057
730,/content/Dataset/Test/Fake/fake_373_aug_4.jpg,0,0,2.8251261028344743e-05
731,/content/Dataset/Test/Fake/fake_374_aug_1.jpg,0,1,0.99994957447052
732,/content/Dataset/Test/Fake/fake_374_aug_3.jpg,0,0,0.035188302397727966
733,/content/Dataset/Test/Fake/fake_374_aug_4.jpg,0,0,0.1279905140399933
734,/content/Dataset/Test/Fake/fake_375_aug_0.jpg,0,0,3.940754686482251e-05
735,/content/Dataset/Test/Fake/fake_375_aug_3.jpg,0,0,3.908895450877026e-05
736,/content/Dataset/Test/Fake/fake_376_aug_1.jpg,0,0,2.447859151288867e-05
737,/content/Dataset/Test/Fake/fake_377_aug_1.jpg,0,0,0.0033537752460688353
738,/content/Dataset/Test/Fake/fake_378_aug_0.jpg,0,0,7.380991974059725e-06
739,/content/Dataset/Test/Fake/fake_378_aug_1.jpg,0,1,0.9999853372573853
740,/content/Dataset/Test/Fake/fake_378_aug_2.jpg,0,0,2.2610080122831278e-05
741,/content/Dataset/Test/Fake/fake_379_aug_2.jpg,0,0,0.15011979032569797
742,/content/Dataset/Test/Fake/fake_37_aug_2.jpg,0,0,9.18224613997154e-05
743,/content/Dataset/Test/Fake/fake_380_aug_1.jpg,0,0,3.318304516142234e-05
744,/content/Dataset/Test/Fake/fake_381_aug_1.jpg,0,1,1.0
745,/content/Dataset/Test/Fake/fake_381_aug_2.jpg,0,1,1.0
746,/content/Dataset/Test/Fake/fake_383_aug_2.jpg,0,0,9.397064422955737e-05
747,/content/Dataset/Test/Fake/fake_383_aug_3.jpg,0,0,0.35004136288407606
748,/content/Dataset/Test/Fake/fake_388_aug_1.jpg,0,0,0.00018308163271285594
749,/content/Dataset/Test/Fake/fake_389_aug_1.jpg,0,0,0.00011178155546076596
750,/content/Dataset/Test/Fake/fake_389_aug_3.jpg,0,0,0.3509109816746786
751,/content/Dataset/Test/Fake/fake_38_aug_3.jpg,0,1,0.9962762594223022
752,/content/Dataset/Test/Fake/fake_390_aug_4.jpg,0,0,0.03309597074985504
753,/content/Dataset/Test/Fake/fake_391_aug_3.jpg,0,0,0.0028867549262940884
754,/content/Dataset/Test/Fake/fake_395_aug_1.jpg,0,0,0.00024954689433798194
755,/content/Dataset/Test/Fake/fake_396_aug_3.jpg,0,1,1.0
756,/content/Dataset/Test/Fake/fake_397_aug_1.jpg,0,0,1.978685577341821e-05
757,/content/Dataset/Test/Fake/fake_397_aug_2.jpg,0,0,3.852430745610036e-05
758,/content/Dataset/Test/Fake/fake_39_aug_1.jpg,0,1,1.0
759,/content/Dataset/Test/Fake/fake_39_aug_2.jpg,0,0,0.0012661863584071398
760,/content/Dataset/Test/Fake/fake_39_aug_4.jpg,0,0,0.10038775950670242
761,/content/Dataset/Test/Fake/fake_400_aug_4.jpg,0,0,0.1501031813881127
762,/content/Dataset/Test/Fake/fake_401_aug_2.jpg,0,0,8.131055074045435e-05
763,/content/Dataset/Test/Fake/fake_402_aug_4.jpg,0,0,0.01728619635105133
764,/content/Dataset/Test/Fake/fake_405_aug_0.jpg,0,1,0.7492919564247131
765,/content/Dataset/Test/Fake/fake_405_aug_3.jpg,0,1,1.0
766,/content/Dataset/Test/Fake/fake_405_aug_4.jpg,0,0,0.001909945160150528
767,/content/Dataset/Test/Fake/fake_406_aug_4.jpg,0,0,0.22521647959947586
768,/content/Dataset/Test/Fake/fake_409_aug_0.jpg,0,0,5.928995960857719e-05
769,/content/Dataset/Test/Fake/fake_411_aug_4.jpg,0,0,0.350020784616936
770,/content/Dataset/Test/Fake/fake_412_aug_0.jpg,0,0,0.1500485913515149
771,/content/Dataset/Test/Fake/fake_417_aug_3.jpg,0,0,0.1502937927201856
772,/content/Dataset/Test/Fake/fake_418_aug_4.jpg,0,0,0.15006836026295786
773,/content/Dataset/Test/Fake/fake_419_aug_3.jpg,0,0,0.3501107952703023
774,/content/Dataset/Test/Fake/fake_419_aug_4.jpg,0,1,1.0
775,/content/Dataset/Test/Fake/fake_420_aug_0.jpg,0,0,0.00033319456269964576
776,/content/Dataset/Test/Fake/fake_420_aug_1.jpg,0,0,4.209688268019818e-05
777,/content/Dataset/Test/Fake/fake_420_aug_2.jpg,0,0,0.001931824954226613
778,/content/Dataset/Test/Fake/fake_423_aug_0.jpg,0,0,0.15048628833610564
779,/content/Dataset/Test/Fake/fake_423_aug_3.jpg,0,0,0.000919790705665946
780,/content/Dataset/Test/Fake/fake_424_aug_0.jpg,0,0,0.015540145337581635
781,/content/Dataset/Test/Fake/fake_424_aug_4.jpg,0,0,0.00018046780314762145
782,/content/Dataset/Test/Fake/fake_426_aug_3.jpg,0,0,0.17789856679737567
783,/content/Dataset/Test/Fake/fake_428_aug_4.jpg,0,0,0.15005387219425756
784,/content/Dataset/Test/Fake/fake_429_aug_0.jpg,0,0,0.0007281337748281658
785,/content/Dataset/Test/Fake/fake_42_aug_4.jpg,0,0,0.0001395101862726733
786,/content/Dataset/Test/Fake/fake_433_aug_4.jpg,0,0,0.15664525432512164
787,/content/Dataset/Test/Fake/fake_434_aug_1.jpg,0,0,1.565849015605636e-05
788,/content/Dataset/Test/Fake/fake_435_aug_0.jpg,0,0,0.0003202362859155983
789,/content/Dataset/Test/Fake/fake_439_aug_1.jpg,0,0,0.15035557025694288
790,/content/Dataset/Test/Fake/fake_439_aug_2.jpg,0,0,0.150029351318517
791,/content/Dataset/Test/Fake/fake_439_aug_3.jpg,0,0,6.564617797266692e-05
792,/content/Dataset/Test/Fake/fake_43_aug_4.jpg,0,0,5.995655737933703e-05
793,/content/Dataset/Test/Fake/fake_441_aug_0.jpg,0,0,5.31171026523225e-05
794,/content/Dataset/Test/Fake/fake_441_aug_4.jpg,0,0,0.35024346300051545
795,/content/Dataset/Test/Fake/fake_442_aug_2.jpg,0,0,0.0003273042384535074
796,/content/Dataset/Test/Fake/fake_443_aug_1.jpg,0,0,0.35036389660090206
797,/content/Dataset/Test/Fake/fake_443_aug_2.jpg,0,0,0.00010308235505362973
798,/content/Dataset/Test/Fake/fake_444_aug_0.jpg,0,0,0.3612006543204188
799,/content/Dataset/Test/Fake/fake_444_aug_4.jpg,0,0,0.15012074838741682
800,/content/Dataset/Test/Fake/fake_445_aug_4.jpg,0,0,0.15033131302916444
801,/content/Dataset/Test/Fake/fake_446_aug_3.jpg,0,0,0.04402635991573334
802,/content/Dataset/Test/Fake/fake_447_aug_3.jpg,0,0,2.2500982595374808e-05
803,/content/Dataset/Test/Fake/fake_448_aug_0.jpg,0,1,0.9999173879623413
804,/content/Dataset/Test/Fake/fake_448_aug_3.jpg,0,0,0.02205526828765869
805,/content/Dataset/Test/Fake/fake_44_aug_4.jpg,0,0,7.90558333392255e-05
806,/content/Dataset/Test/Fake/fake_452_aug_0.jpg,0,0,0.15045001198304817
807,/content/Dataset/Test/Fake/fake_454_aug_4.jpg,0,0,3.171054777340032e-05
808,/content/Dataset/Test/Fake/fake_455_aug_1.jpg,0,0,0.00025818063295446336
809,/content/Dataset/Test/Fake/fake_457_aug_3.jpg,0,0,5.4743693908676505e-05
810,/content/Dataset/Test/Fake/fake_459_aug_0.jpg,0,0,9.577762830303982e-05
811,/content/Dataset/Test/Fake/fake_459_aug_4.jpg,0,0,0.0001762802858138457
812,/content/Dataset/Test/Fake/fake_460_aug_2.jpg,0,0,3.524388012010604e-05
813,/content/Dataset/Test/Fake/fake_460_aug_3.jpg,0,0,5.3151659813011065e-05
814,/content/Dataset/Test/Fake/fake_462_aug_2.jpg,0,1,0.9993717074394226
815,/content/Dataset/Test/Fake/fake_462_aug_3.jpg,0,0,5.920554758631624e-05
816,/content/Dataset/Test/Fake/fake_465_aug_1.jpg,0,0,0.0001398247404722497
817,/content/Dataset/Test/Fake/fake_467_aug_2.jpg,0,0,0.00012056752166245133
818,/content/Dataset/Test/Fake/fake_468_aug_0.jpg,0,0,1.704877649899572e-05
819,/content/Dataset/Test/Fake/fake_470_aug_3.jpg,0,0,0.3500611654977547
820,/content/Dataset/Test/Fake/fake_470_aug_4.jpg,0,0,9.147001401288435e-05
821,/content/Dataset/Test/Fake/fake_471_aug_0.jpg,0,0,0.007336006499826908
822,/content/Dataset/Test/Fake/fake_472_aug_4.jpg,0,0,2.6870260626310483e-05
823,/content/Dataset/Test/Fake/fake_473_aug_0.jpg,0,0,0.0041053397580981255
824,/content/Dataset/Test/Fake/fake_473_aug_1.jpg,0,1,1.0
825,/content/Dataset/Test/Fake/fake_474_aug_3.jpg,0,1,1.0
826,/content/Dataset/Test/Fake/fake_477_aug_0.jpg,0,0,0.15007068023842293
827,/content/Dataset/Test/Fake/fake_477_aug_4.jpg,0,0,0.0010658102110028267
828,/content/Dataset/Test/Fake/fake_478_aug_2.jpg,0,0,0.008637907914817333
829,/content/Dataset/Test/Fake/fake_479_aug_2.jpg,0,0,0.0003426996117923409
830,/content/Dataset/Test/Fake/fake_47_aug_3.jpg,0,1,1.0
831,/content/Dataset/Test/Fake/fake_481_aug_0.jpg,0,0,0.0003125234798062593
832,/content/Dataset/Test/Fake/fake_481_aug_1.jpg,0,0,4.664191874326207e-05
833,/content/Dataset/Test/Fake/fake_482_aug_3.jpg,0,0,1.6915235391934402e-05
834,/content/Dataset/Test/Fake/fake_483_aug_3.jpg,0,0,5.72430835745763e-05
835,/content/Dataset/Test/Fake/fake_484_aug_0.jpg,0,1,0.9931615591049194
836,/content/Dataset/Test/Fake/fake_487_aug_4.jpg,0,0,0.0005375617183744907
837,/content/Dataset/Test/Fake/fake_488_aug_2.jpg,0,0,0.13566096127033234
838,/content/Dataset/Test/Fake/fake_489_aug_2.jpg,0,0,0.0291493758559227
839,/content/Dataset/Test/Fake/fake_490_aug_0.jpg,0,0,0.15019058787438552
840,/content/Dataset/Test/Fake/fake_490_aug_2.jpg,0,0,0.00030978891300037503
841,/content/Dataset/Test/Fake/fake_490_aug_3.jpg,0,1,1.0
842,/content/Dataset/Test/Fake/fake_491_aug_2.jpg,0,1,0.9986463189125061
843,/content/Dataset/Test/Fake/fake_491_aug_4.jpg,0,0,0.00037189098657108843
844,/content/Dataset/Test/Fake/fake_492_aug_2.jpg,0,1,0.8335248827934265
845,/content/Dataset/Test/Fake/fake_494_aug_1.jpg,0,0,6.204316014191136e-05
846,/content/Dataset/Test/Fake/fake_495_aug_4.jpg,0,0,0.35003064179327337
847,/content/Dataset/Test/Fake/fake_496_aug_0.jpg,0,0,9.637093899073079e-05
848,/content/Dataset/Test/Fake/fake_496_aug_3.jpg,0,0,0.00011444244591984898
849,/content/Dataset/Test/Fake/fake_498_aug_3.jpg,0,0,0.37262630462646484
850,/content/Dataset/Test/Fake/fake_500_aug_4.jpg,0,0,0.0006962422630749643
851,/content/Dataset/Test/Fake/fake_501_aug_1.jpg,0,0,0.0012408585753291845
852,/content/Dataset/Test/Fake/fake_503_aug_3.jpg,0,1,0.9999723434448242
853,/content/Dataset/Test/Fake/fake_507_aug_1.jpg,0,1,1.0
854,/content/Dataset/Test/Fake/fake_507_aug_2.jpg,0,1,1.0
855,/content/Dataset/Test/Fake/fake_508_aug_2.jpg,0,0,0.0004972293972969055
856,/content/Dataset/Test/Fake/fake_508_aug_3.jpg,0,0,0.0006197713082656264
857,/content/Dataset/Test/Fake/fake_50_aug_2.jpg,0,1,0.9991455078125
858,/content/Dataset/Test/Fake/fake_510_aug_0.jpg,0,0,0.0002416390780126676
859,/content/Dataset/Test/Fake/fake_511_aug_0.jpg,0,0,3.066807767027058e-05
860,/content/Dataset/Test/Fake/fake_515_aug_2.jpg,0,0,0.00013305412721820176
861,/content/Dataset/Test/Fake/fake_516_aug_0.jpg,0,0,0.1500821808935143
862,/content/Dataset/Test/Fake/fake_516_aug_1.jpg,0,0,2.0569877960952e-05
863,/content/Dataset/Test/Fake/fake_516_aug_4.jpg,0,0,3.3526637707836926e-05
864,/content/Dataset/Test/Fake/fake_517_aug_3.jpg,0,0,0.001119897817261517
865,/content/Dataset/Test/Fake/fake_518_aug_4.jpg,0,0,7.378437294391915e-05
866,/content/Dataset/Test/Fake/fake_522_aug_0.jpg,0,0,8.734576840652153e-05
867,/content/Dataset/Test/Fake/fake_526_aug_1.jpg,0,0,0.0005777334445156157
868,/content/Dataset/Test/Fake/fake_529_aug_0.jpg,0,0,0.15006225094693945
869,/content/Dataset/Test/Fake/fake_52_aug_0.jpg,0,0,1.134633657784434e-05
870,/content/Dataset/Test/Fake/fake_52_aug_2.jpg,0,0,0.15028225951245985
871,/content/Dataset/Test/Fake/fake_52_aug_4.jpg,0,0,0.15021595640282612
872,/content/Dataset/Test/Fake/fake_530_aug_2.jpg,0,0,0.12749457359313965
873,/content/Dataset/Test/Fake/fake_531_aug_0.jpg,0,0,0.0012288346188142896
874,/content/Dataset/Test/Fake/fake_531_aug_4.jpg,0,0,0.00028308850596658885
875,/content/Dataset/Test/Fake/fake_533_aug_2.jpg,0,0,0.35006524159107355
876,/content/Dataset/Test/Fake/fake_534_aug_0.jpg,0,0,7.944684330141172e-05
877,/content/Dataset/Test/Fake/fake_534_aug_3.jpg,0,0,0.0004448616527952254
878,/content/Dataset/Test/Fake/fake_535_aug_0.jpg,0,0,8.599483408033848e-05
879,/content/Dataset/Test/Fake/fake_537_aug_0.jpg,0,0,5.593813330051489e-05
880,/content/Dataset/Test/Fake/fake_538_aug_4.jpg,0,0,6.980782927712426e-05
881,/content/Dataset/Test/Fake/fake_539_aug_2.jpg,0,0,5.595350012299605e-05
882,/content/Dataset/Test/Fake/fake_539_aug_3.jpg,0,1,0.7609943151473999
883,/content/Dataset/Test/Fake/fake_539_aug_4.jpg,0,0,0.00016293871158268303
884,/content/Dataset/Test/Fake/fake_542_aug_1.jpg,0,0,0.1501353064435534
885,/content/Dataset/Test/Fake/fake_544_aug_2.jpg,0,0,0.2238677978515625
886,/content/Dataset/Test/Fake/fake_547_aug_3.jpg,0,0,0.0002453259949106723
887,/content/Dataset/Test/Fake/fake_547_aug_4.jpg,0,0,0.00011918872041860595
888,/content/Dataset/Test/Fake/fake_550_aug_1.jpg,0,0,0.15003060625022044
889,/content/Dataset/Test/Fake/fake_550_aug_2.jpg,0,0,0.04835750535130501
890,/content/Dataset/Test/Fake/fake_551_aug_2.jpg,0,0,0.00034799196873791516
891,/content/Dataset/Test/Fake/fake_551_aug_3.jpg,0,0,0.00114942598156631
892,/content/Dataset/Test/Fake/fake_552_aug_0.jpg,0,0,5.4999465646687895e-05
893,/content/Dataset/Test/Fake/fake_552_aug_3.jpg,0,1,1.0
894,/content/Dataset/Test/Fake/fake_554_aug_2.jpg,0,0,0.0007081078365445137
895,/content/Dataset/Test/Fake/fake_555_aug_3.jpg,0,1,0.9566964507102966
896,/content/Dataset/Test/Fake/fake_555_aug_4.jpg,0,0,0.0005162867601029575
897,/content/Dataset/Test/Fake/fake_556_aug_2.jpg,0,0,0.005660438910126686
898,/content/Dataset/Test/Fake/fake_559_aug_3.jpg,0,0,6.825368473073468e-05
899,/content/Dataset/Test/Fake/fake_559_aug_4.jpg,0,0,0.15218868278898298
900,/content/Dataset/Test/Fake/fake_560_aug_2.jpg,0,0,3.0328083084896207e-05
901,/content/Dataset/Test/Fake/fake_560_aug_3.jpg,0,0,0.0001488833368057385
902,/content/Dataset/Test/Fake/fake_562_aug_0.jpg,0,0,0.00021428026957437396
903,/content/Dataset/Test/Fake/fake_567_aug_3.jpg,0,0,6.0508595197461545e-05
904,/content/Dataset/Test/Fake/fake_568_aug_1.jpg,0,1,0.9999961853027344
905,/content/Dataset/Test/Fake/fake_568_aug_3.jpg,0,1,0.9999997615814209
906,/content/Dataset/Test/Fake/fake_56_aug_2.jpg,0,0,0.00012521732423920184
907,/content/Dataset/Test/Fake/fake_570_aug_1.jpg,0,0,0.15089798250701278
908,/content/Dataset/Test/Fake/fake_572_aug_2.jpg,0,0,2.8097250833525322e-05
909,/content/Dataset/Test/Fake/fake_573_aug_1.jpg,0,0,0.0009636598406359553
910,/content/Dataset/Test/Fake/fake_573_aug_3.jpg,0,0,0.00014521436241921037
911,/content/Dataset/Test/Fake/fake_574_aug_0.jpg,0,1,0.9999998807907104
912,/content/Dataset/Test/Fake/fake_574_aug_1.jpg,0,0,0.35005864867125636
913,/content/Dataset/Test/Fake/fake_574_aug_2.jpg,0,1,0.9954758286476135
914,/content/Dataset/Test/Fake/fake_575_aug_1.jpg,0,0,5.893016805202933e-06
915,/content/Dataset/Test/Fake/fake_575_aug_3.jpg,0,0,0.15002257337109767
916,/content/Dataset/Test/Fake/fake_578_aug_4.jpg,0,0,0.028309442102909088
917,/content/Dataset/Test/Fake/fake_579_aug_0.jpg,0,0,0.15005870441236766
918,/content/Dataset/Test/Fake/fake_579_aug_2.jpg,0,0,0.00010636798833729699
919,/content/Dataset/Test/Fake/fake_580_aug_3.jpg,0,0,5.107900869916193e-05
920,/content/Dataset/Test/Fake/fake_581_aug_1.jpg,0,0,0.0005315568414516747
921,/content/Dataset/Test/Fake/fake_582_aug_3.jpg,0,0,0.15055209378479048
922,/content/Dataset/Test/Fake/fake_582_aug_4.jpg,0,0,0.15002424575177428
923,/content/Dataset/Test/Fake/fake_583_aug_0.jpg,0,0,3.29843423969578e-05
924,/content/Dataset/Test/Fake/fake_583_aug_1.jpg,0,0,0.0457657165825367
925,/content/Dataset/Test/Fake/fake_584_aug_0.jpg,0,0,0.15007543148240074
926,/content/Dataset/Test/Fake/fake_586_aug_3.jpg,0,0,0.4679996967315674
927,/content/Dataset/Test/Fake/fake_587_aug_3.jpg,0,0,0.00010028294491348788
928,/content/Dataset/Test/Fake/fake_587_aug_4.jpg,0,0,0.0003801473940256983
929,/content/Dataset/Test/Fake/fake_588_aug_0.jpg,0,0,0.35003837229087365
930,/content/Dataset/Test/Fake/fake_588_aug_1.jpg,0,0,9.809641778701916e-05
931,/content/Dataset/Test/Fake/fake_58_aug_1.jpg,0,0,0.00011156805703649297
932,/content/Dataset/Test/Fake/fake_591_aug_0.jpg,0,1,0.9773257970809937
933,/content/Dataset/Test/Fake/fake_591_aug_1.jpg,0,0,0.1500826892501209
934,/content/Dataset/Test/Fake/fake_593_aug_0.jpg,0,0,0.15774041097611188
935,/content/Dataset/Test/Fake/fake_594_aug_0.jpg,0,0,0.0040376437827944756
936,/content/Dataset/Test/Fake/fake_595_aug_1.jpg,0,1,1.0
937,/content/Dataset/Test/Fake/fake_595_aug_4.jpg,0,0,0.15036271745921112
938,/content/Dataset/Test/Fake/fake_596_aug_1.jpg,0,0,4.9021084123523906e-05
939,/content/Dataset/Test/Fake/fake_598_aug_0.jpg,0,1,1.0
940,/content/Dataset/Test/Fake/fake_599_aug_4.jpg,0,0,3.908560029231012e-05
941,/content/Dataset/Test/Fake/fake_601_aug_2.jpg,0,0,0.1503007401828654
942,/content/Dataset/Test/Fake/fake_603_aug_1.jpg,0,0,8.051576878642663e-05
943,/content/Dataset/Test/Fake/fake_604_aug_0.jpg,0,0,0.0031937137246131897
944,/content/Dataset/Test/Fake/fake_604_aug_1.jpg,0,0,7.953023305162787e-05
945,/content/Dataset/Test/Fake/fake_607_aug_3.jpg,0,1,0.9999954700469971
946,/content/Dataset/Test/Fake/fake_608_aug_4.jpg,0,0,0.0003611962602008134
947,/content/Dataset/Test/Fake/fake_60_aug_2.jpg,0,0,3.7112382415216416e-05
948,/content/Dataset/Test/Fake/fake_610_aug_0.jpg,0,0,0.1500867798080435
949,/content/Dataset/Test/Fake/fake_612_aug_1.jpg,0,1,0.7508523464202881
950,/content/Dataset/Test/Fake/fake_613_aug_2.jpg,0,0,0.03228842839598656
951,/content/Dataset/Test/Fake/fake_615_aug_1.jpg,0,1,1.0
952,/content/Dataset/Test/Fake/fake_617_aug_1.jpg,0,1,0.7923598885536194
953,/content/Dataset/Test/Fake/fake_617_aug_3.jpg,0,0,0.1502131318760803
954,/content/Dataset/Test/Fake/fake_618_aug_4.jpg,0,0,0.3509819825645536
955,/content/Dataset/Test/Fake/fake_619_aug_1.jpg,0,0,7.513606396969408e-05
956,/content/Dataset/Test/Fake/fake_61_aug_4.jpg,0,0,8.57702616485767e-05
957,/content/Dataset/Test/Fake/fake_620_aug_4.jpg,0,0,3.595694215619005e-05
958,/content/Dataset/Test/Fake/fake_622_aug_1.jpg,0,0,4.366410939837806e-05
959,/content/Dataset/Test/Fake/fake_624_aug_1.jpg,0,0,7.136223575798795e-05
960,/content/Dataset/Test/Fake/fake_624_aug_2.jpg,0,1,0.665041446685791
961,/content/Dataset/Test/Fake/fake_625_aug_0.jpg,0,0,0.00020341493654996157
962,/content/Dataset/Test/Fake/fake_628_aug_1.jpg,0,0,6.212414882611483e-05
963,/content/Dataset/Test/Fake/fake_62_aug_2.jpg,0,0,0.15002551463512645
964,/content/Dataset/Test/Fake/fake_630_aug_0.jpg,0,0,0.2515494227409363
965,/content/Dataset/Test/Fake/fake_630_aug_4.jpg,0,0,0.0004412451235111803
966,/content/Dataset/Test/Fake/fake_631_aug_4.jpg,0,0,0.40680776759982107
967,/content/Dataset/Test/Fake/fake_632_aug_0.jpg,0,1,0.9999469518661499
968,/content/Dataset/Test/Fake/fake_633_aug_0.jpg,0,0,5.149905337020755e-05
969,/content/Dataset/Test/Fake/fake_633_aug_3.jpg,0,0,3.64454353984911e-05
970,/content/Dataset/Test/Fake/fake_636_aug_3.jpg,0,0,0.00027108818176202476
971,/content/Dataset/Test/Fake/fake_637_aug_2.jpg,0,0,0.00043879906297661364
972,/content/Dataset/Test/Fake/fake_638_aug_2.jpg,0,0,0.00013447039236780256
973,/content/Dataset/Test/Fake/fake_639_aug_2.jpg,0,1,1.0
974,/content/Dataset/Test/Fake/fake_63_aug_3.jpg,0,0,3.127847958239727e-05
975,/content/Dataset/Test/Fake/fake_63_aug_4.jpg,0,0,0.004546668846160173
976,/content/Dataset/Test/Fake/fake_640_aug_3.jpg,0,0,3.7384754250524566e-05
977,/content/Dataset/Test/Fake/fake_642_aug_1.jpg,0,0,4.7602778067812324e-05
978,/content/Dataset/Test/Fake/fake_642_aug_3.jpg,0,0,8.855411579133943e-05
979,/content/Dataset/Test/Fake/fake_644_aug_4.jpg,0,0,4.13032466894947e-05
980,/content/Dataset/Test/Fake/fake_646_aug_2.jpg,0,0,0.004732483997941017
981,/content/Dataset/Test/Fake/fake_646_aug_3.jpg,0,0,0.0010822286130860448
982,/content/Dataset/Test/Fake/fake_647_aug_4.jpg,0,0,0.0005533663788810372
983,/content/Dataset/Test/Fake/fake_649_aug_4.jpg,0,0,0.00013844575732946396
984,/content/Dataset/Test/Fake/fake_64_aug_0.jpg,0,0,0.15007620116957696
985,/content/Dataset/Test/Fake/fake_64_aug_3.jpg,0,0,0.15010254832886857
986,/content/Dataset/Test/Fake/fake_650_aug_2.jpg,0,0,1.3352749192563351e-05
987,/content/Dataset/Test/Fake/fake_652_aug_0.jpg,0,0,5.544380837818608e-05
988,/content/Dataset/Test/Fake/fake_654_aug_4.jpg,0,0,0.0009764219867065549
989,/content/Dataset/Test/Fake/fake_656_aug_0.jpg,0,0,0.15004849552715313
990,/content/Dataset/Test/Fake/fake_657_aug_3.jpg,0,1,1.0
991,/content/Dataset/Test/Fake/fake_658_aug_3.jpg,0,1,1.0
992,/content/Dataset/Test/Fake/fake_659_aug_0.jpg,0,0,0.1693624533712864
993,/content/Dataset/Test/Fake/fake_659_aug_2.jpg,0,0,9.233662240148988e-06
994,/content/Dataset/Test/Fake/fake_659_aug_4.jpg,0,0,0.00018435022502671927
995,/content/Dataset/Test/Fake/fake_65_aug_1.jpg,0,0,0.00020727231458295137
996,/content/Dataset/Test/Fake/fake_661_aug_0.jpg,0,0,7.847253436921164e-05
997,/content/Dataset/Test/Fake/fake_663_aug_2.jpg,0,0,4.203205753583461e-05
998,/content/Dataset/Test/Fake/fake_665_aug_0.jpg,0,0,2.153820423700381e-05
999,/content/Dataset/Test/Fake/fake_665_aug_2.jpg,0,0,0.00011434776388341561
1000,/content/Dataset/Test/Fake/fake_666_aug_0.jpg,0,0,0.35015909899957476
1001,/content/Dataset/Test/Fake/fake_667_aug_3.jpg,0,0,0.1503586930106394
1002,/content/Dataset/Test/Fake/fake_668_aug_1.jpg,0,1,1.0
1003,/content/Dataset/Test/Fake/fake_669_aug_2.jpg,0,1,0.9536411166191101
1004,/content/Dataset/Test/Fake/fake_66_aug_0.jpg,0,0,0.35044969213195143
1005,/content/Dataset/Test/Fake/fake_672_aug_2.jpg,0,0,0.15002551288162067
1006,/content/Dataset/Test/Fake/fake_673_aug_4.jpg,0,1,1.0
1007,/content/Dataset/Test/Fake/fake_679_aug_3.jpg,0,0,0.3501114314291044
1008,/content/Dataset/Test/Fake/fake_681_aug_1.jpg,0,0,0.0023346550296992064
1009,/content/Dataset/Test/Fake/fake_682_aug_3.jpg,0,0,0.00011273468408035114
1010,/content/Dataset/Test/Fake/fake_684_aug_0.jpg,0,1,0.9999775886535645
1011,/content/Dataset/Test/Fake/fake_685_aug_1.jpg,0,0,0.15070801872061565
1012,/content/Dataset/Test/Fake/fake_686_aug_1.jpg,0,0,0.0001252866059076041
1013,/content/Dataset/Test/Fake/fake_690_aug_3.jpg,0,0,0.3505484175053425
1014,/content/Dataset/Test/Fake/fake_691_aug_1.jpg,0,1,0.574561357498169
1015,/content/Dataset/Test/Fake/fake_692_aug_0.jpg,0,0,0.0001710387150524184
1016,/content/Dataset/Test/Fake/fake_693_aug_3.jpg,0,1,0.9999997615814209
1017,/content/Dataset/Test/Fake/fake_693_aug_4.jpg,0,0,0.013674560934305191
1018,/content/Dataset/Test/Fake/fake_695_aug_0.jpg,0,0,0.0003189666022080928
1019,/content/Dataset/Test/Fake/fake_695_aug_3.jpg,0,0,5.2887131460011005e-05
1020,/content/Dataset/Test/Fake/fake_697_aug_3.jpg,0,0,4.3357307731639594e-05
1021,/content/Dataset/Test/Fake/fake_699_aug_0.jpg,0,0,0.15001622795389266
1022,/content/Dataset/Test/Fake/fake_699_aug_2.jpg,0,0,0.0001510560541646555
1023,/content/Dataset/Test/Fake/fake_69_aug_4.jpg,0,0,0.35006474224937845
1024,/content/Dataset/Test/Fake/fake_70_aug_3.jpg,0,0,1.9387243810342625e-05
1025,/content/Dataset/Test/Fake/fake_70_aug_4.jpg,0,0,0.15010331400699214
1026,/content/Dataset/Test/Fake/fake_71_aug_2.jpg,0,0,0.3500358018405677
1027,/content/Dataset/Test/Fake/fake_71_aug_4.jpg,0,0,0.15003798787656705
1028,/content/Dataset/Test/Fake/fake_73_aug_1.jpg,0,0,3.0733302992302924e-05
1029,/content/Dataset/Test/Fake/fake_75_aug_0.jpg,0,0,0.002897092141211033
1030,/content/Dataset/Test/Fake/fake_76_aug_3.jpg,0,0,0.15014007616846356
1031,/content/Dataset/Test/Fake/fake_7_aug_3.jpg,0,0,0.15006753071647835
1032,/content/Dataset/Test/Fake/fake_7_aug_4.jpg,0,0,0.15007632189954165
1033,/content/Dataset/Test/Fake/fake_83_aug_2.jpg,0,0,0.35001418883311997
1034,/content/Dataset/Test/Fake/fake_83_aug_4.jpg,0,0,2.7299274734104984e-05
1035,/content/Dataset/Test/Fake/fake_84_aug_4.jpg,0,0,2.6123416319023818e-05
1036,/content/Dataset/Test/Fake/fake_89_aug_3.jpg,0,0,7.297302363440394e-05
1037,/content/Dataset/Test/Fake/fake_8_aug_0.jpg,0,0,0.00012157562014181167
1038,/content/Dataset/Test/Fake/fake_90_aug_1.jpg,0,0,0.0002970281639136374
1039,/content/Dataset/Test/Fake/fake_90_aug_2.jpg,0,0,0.00014646450290456414
1040,/content/Dataset/Test/Fake/fake_90_aug_3.jpg,0,0,0.15003514416675898
1041,/content/Dataset/Test/Fake/fake_90_aug_4.jpg,0,0,0.00017870002193376422
1042,/content/Dataset/Test/Fake/fake_92_aug_3.jpg,0,0,0.001928578712977469
1043,/content/Dataset/Test/Fake/fake_93_aug_0.jpg,0,0,5.947916361037642e-05
1044,/content/Dataset/Test/Fake/fake_94_aug_3.jpg,0,0,4.592321420204826e-05
1045,/content/Dataset/Test/Fake/fake_94_aug_4.jpg,0,0,0.3477618098258972
1046,/content/Dataset/Test/Fake/fake_95_aug_2.jpg,0,0,4.081342922290787e-05
1047,/content/Dataset/Test/Fake/fake_99_aug_2.jpg,0,0,1.6197651348193176e-05
1048,/content/Dataset/Test/Fake/fake_99_aug_3.jpg,0,0,8.329062984557822e-05
1049,/content/Dataset/Test/Fake/fake_9_aug_1.jpg,0,0,0.000522283255122602
1050,/content/Dataset/Test/Real/00006.jpg,1,0,0.15087093701586127
1051,/content/Dataset/Test/Real/00019.jpg,1,1,1.0
1052,/content/Dataset/Test/Real/00021.jpg,1,1,0.9997592568397522
1053,/content/Dataset/Test/Real/00051.jpg,1,1,0.9994008541107178
1054,/content/Dataset/Test/Real/00054.jpg,1,1,1.0
1055,/content/Dataset/Test/Real/00061.jpg,1,1,0.9999990463256836
1056,/content/Dataset/Test/Real/00078.jpg,1,1,0.9999998807907104
1057,/content/Dataset/Test/Real/00089.jpg,1,1,0.9981416463851929
1058,/content/Dataset/Test/Real/00090.jpg,1,1,0.999575674533844
1059,/content/Dataset/Test/Real/00100.jpg,1,1,1.0
1060,/content/Dataset/Test/Real/00123.jpg,1,1,0.9985030889511108
1061,/content/Dataset/Test/Real/00147.jpg,1,1,1.0
1062,/content/Dataset/Test/Real/00150.jpg,1,1,0.9998847246170044
1063,/content/Dataset/Test/Real/00160.jpg,1,1,0.9999797344207764
1064,/content/Dataset/Test/Real/00162.jpg,1,1,0.9804816842079163
1065,/content/Dataset/Test/Real/00168.jpg,1,1,0.9992220401763916
1066,/content/Dataset/Test/Real/00171.jpg,1,1,0.8801305532455445
1067,/content/Dataset/Test/Real/00185.jpg,1,1,0.9964698553085327
1068,/content/Dataset/Test/Real/00190.jpg,1,1,1.0
1069,/content/Dataset/Test/Real/00193.jpg,1,0,0.486025333404541
1070,/content/Dataset/Test/Real/00196.jpg,1,1,0.9775233864784241
1071,/content/Dataset/Test/Real/00202.jpg,1,1,1.0
1072,/content/Dataset/Test/Real/00211.jpg,1,1,0.9999924898147583
1073,/content/Dataset/Test/Real/00218.jpg,1,1,0.9456304311752319
1074,/content/Dataset/Test/Real/00246.jpg,1,0,0.015719253569841385
1075,/content/Dataset/Test/Real/00251.jpg,1,1,0.9999983310699463
1076,/content/Dataset/Test/Real/00258.jpg,1,1,1.0
1077,/content/Dataset/Test/Real/00261.jpg,1,1,0.8433645367622375
1078,/content/Dataset/Test/Real/00263.jpg,1,1,0.9967594742774963
1079,/content/Dataset/Test/Real/00273.jpg,1,1,0.998984158039093
1080,/content/Dataset/Test/Real/00278.jpg,1,1,0.743720531463623
1081,/content/Dataset/Test/Real/00279.jpg,1,1,0.9999933242797852
1082,/content/Dataset/Test/Real/00285.jpg,1,1,1.0
1083,/content/Dataset/Test/Real/00287.jpg,1,1,1.0
1084,/content/Dataset/Test/Real/00291.jpg,1,1,0.9983153343200684
1085,/content/Dataset/Test/Real/00292.jpg,1,1,1.0
1086,/content/Dataset/Test/Real/00303.jpg,1,1,0.9980454444885254
1087,/content/Dataset/Test/Real/00335.jpg,1,1,0.9873208999633789
1088,/content/Dataset/Test/Real/00342.jpg,1,1,0.9901978969573975
1089,/content/Dataset/Test/Real/00355.jpg,1,1,0.8258903622627258
1090,/content/Dataset/Test/Real/00397.jpg,1,1,1.0
1091,/content/Dataset/Test/Real/00406.jpg,1,1,0.9999996423721313
1092,/content/Dataset/Test/Real/00429.jpg,1,1,0.8888102173805237
1093,/content/Dataset/Test/Real/00449.jpg,1,1,0.9999988079071045
1094,/content/Dataset/Test/Real/00467.jpg,1,1,0.9990471005439758
1095,/content/Dataset/Test/Real/00475.jpg,1,0,0.007455384358763695
1096,/content/Dataset/Test/Real/00498.jpg,1,1,1.0
1097,/content/Dataset/Test/Real/00525.jpg,1,1,1.0
1098,/content/Dataset/Test/Real/00528.jpg,1,1,0.9920549392700195
1099,/content/Dataset/Test/Real/00552.jpg,1,1,1.0
1100,/content/Dataset/Test/Real/00560.jpg,1,1,0.6410636901855469
1101,/content/Dataset/Test/Real/00575.jpg,1,1,1.0
1102,/content/Dataset/Test/Real/00576.jpg,1,1,1.0
1103,/content/Dataset/Test/Real/00579.jpg,1,1,0.9999940395355225
1104,/content/Dataset/Test/Real/00604.jpg,1,0,0.30791264176368716
1105,/content/Dataset/Test/Real/00612.jpg,1,1,0.9873158931732178
1106,/content/Dataset/Test/Real/00613.jpg,1,1,0.9972884654998779
1107,/content/Dataset/Test/Real/00615.jpg,1,1,1.0
1108,/content/Dataset/Test/Real/00619.jpg,1,1,0.9907196760177612
1109,/content/Dataset/Test/Real/00636.jpg,1,1,0.970054829120636
1110,/content/Dataset/Test/Real/00659.jpg,1,1,0.9965423941612244
1111,/content/Dataset/Test/Real/00668.jpg,1,1,1.0
1112,/content/Dataset/Test/Real/00670.jpg,1,1,0.9990731477737427
1113,/content/Dataset/Test/Real/00678.jpg,1,1,0.9790690541267395
1114,/content/Dataset/Test/Real/00688.jpg,1,1,0.9767099022865295
1115,/content/Dataset/Test/Real/00691.jpg,1,1,1.0
1116,/content/Dataset/Test/Real/00697.jpg,1,1,1.0
1117,/content/Dataset/Test/Real/00698.jpg,1,0,0.24413630366325378
1118,/content/Dataset/Test/Real/00699.jpg,1,1,1.0
1119,/content/Dataset/Test/Real/00700.jpg,1,1,0.999018669128418
1120,/content/Dataset/Test/Real/00701.jpg,1,0,0.1988847553730011
1121,/content/Dataset/Test/Real/00704.jpg,1,1,0.9922907948493958
1122,/content/Dataset/Test/Real/00709.jpg,1,1,0.9912512898445129
1123,/content/Dataset/Test/Real/00716.jpg,1,1,0.9999988079071045
1124,/content/Dataset/Test/Real/00721.jpg,1,0,0.011114337481558323
1125,/content/Dataset/Test/Real/00722.jpg,1,1,0.9775089025497437
1126,/content/Dataset/Test/Real/00723.jpg,1,1,0.8720570206642151
1127,/content/Dataset/Test/Real/00727.jpg,1,1,0.8129438757896423
1128,/content/Dataset/Test/Real/00737.jpg,1,1,0.999798595905304
1129,/content/Dataset/Test/Real/00739.jpg,1,1,0.9113011360168457
1130,/content/Dataset/Test/Real/00756.jpg,1,1,0.999771773815155
1131,/content/Dataset/Test/Real/00772.jpg,1,1,0.9994134902954102
1132,/content/Dataset/Test/Real/00786.jpg,1,1,0.9987903237342834
1133,/content/Dataset/Test/Real/00787.jpg,1,1,0.9997467398643494
1134,/content/Dataset/Test/Real/00795.jpg,1,1,0.9993466734886169
1135,/content/Dataset/Test/Real/00800.jpg,1,1,0.9827463626861572
1136,/content/Dataset/Test/Real/00813.jpg,1,1,0.9999327659606934
1137,/content/Dataset/Test/Real/00821.jpg,1,1,0.9509090781211853
1138,/content/Dataset/Test/Real/00823.jpg,1,1,0.999396800994873
1139,/content/Dataset/Test/Real/00836.jpg,1,1,0.5930566787719727
1140,/content/Dataset/Test/Real/00853.jpg,1,1,0.9999922513961792
1141,/content/Dataset/Test/Real/00873.jpg,1,1,0.9401426315307617
1142,/content/Dataset/Test/Real/00875.jpg,1,1,0.9906705617904663
1143,/content/Dataset/Test/Real/00885.jpg,1,1,0.988402783870697
1144,/content/Dataset/Test/Real/00888.jpg,1,1,0.9742786288261414
1145,/content/Dataset/Test/Real/00890.jpg,1,1,0.9964649319648743
1146,/content/Dataset/Test/Real/00895.jpg,1,1,0.7350825667381287
1147,/content/Dataset/Test/Real/00920.jpg,1,1,1.0
1148,/content/Dataset/Test/Real/00921.jpg,1,1,1.0
1149,/content/Dataset/Test/Real/00925.jpg,1,1,0.9999972581863403
1150,/content/Dataset/Test/Real/00928.jpg,1,0,0.1306355744600296
1151,/content/Dataset/Test/Real/00937.jpg,1,1,0.8509513139724731
1152,/content/Dataset/Test/Real/00942.jpg,1,1,0.9967116117477417
1153,/content/Dataset/Test/Real/00952.jpg,1,1,1.0
1154,/content/Dataset/Test/Real/00964.jpg,1,0,0.3279619514942169
1155,/content/Dataset/Test/Real/00965.jpg,1,1,1.0
1156,/content/Dataset/Test/Real/00985.jpg,1,1,0.9598100185394287
1157,/content/Dataset/Test/Real/00989.jpg,1,1,0.9997503161430359
1158,/content/Dataset/Test/Real/00993.jpg,1,1,1.0
1159,/content/Dataset/Test/Real/00996.jpg,1,1,1.0
1160,/content/Dataset/Test/Real/01000.jpg,1,1,0.9990184307098389
1161,/content/Dataset/Test/Real/01001.jpg,1,1,0.999790370464325
1162,/content/Dataset/Test/Real/01002.jpg,1,1,0.9918982982635498
1163,/content/Dataset/Test/Real/01016.jpg,1,1,0.9978317618370056
1164,/content/Dataset/Test/Real/01018.jpg,1,1,1.0
1165,/content/Dataset/Test/Real/01033.jpg,1,1,1.0
1166,/content/Dataset/Test/Real/01034.jpg,1,1,0.9997672438621521
1167,/content/Dataset/Test/Real/01036.jpg,1,1,0.9924276471138
1168,/content/Dataset/Test/Real/01055.jpg,1,1,0.968775749206543
1169,/content/Dataset/Test/Real/01064.jpg,1,1,0.9982441663742065
1170,/content/Dataset/Test/Real/01066.jpg,1,1,1.0
1171,/content/Dataset/Test/Real/01071.jpg,1,1,0.9987143278121948
1172,/content/Dataset/Test/Real/01076.jpg,1,1,0.9999332427978516
1173,/content/Dataset/Test/Real/01093.jpg,1,1,0.9984514713287354
1174,/content/Dataset/Test/Real/01098.jpg,1,1,0.9993841648101807
1175,/content/Dataset/Test/Real/01128.jpg,1,1,0.9999839067459106
1176,/content/Dataset/Test/Real/01147.jpg,1,1,0.9998103976249695
1177,/content/Dataset/Test/Real/01152.jpg,1,0,0.3532911539077759
1178,/content/Dataset/Test/Real/01160.jpg,1,1,0.9987694621086121
1179,/content/Dataset/Test/Real/01167.jpg,1,0,0.3692437469959259
1180,/content/Dataset/Test/Real/01174.jpg,1,1,0.9982613921165466
1181,/content/Dataset/Test/Real/01178.jpg,1,1,0.9998916387557983
1182,/content/Dataset/Test/Real/01184.jpg,1,1,0.614486813545227
1183,/content/Dataset/Test/Real/01187.jpg,1,0,0.231376314163208
1184,/content/Dataset/Test/Real/01204.jpg,1,1,0.9999948740005493
1185,/content/Dataset/Test/Real/01205.jpg,1,0,0.0006931504467502236
1186,/content/Dataset/Test/Real/01207.jpg,1,1,0.999954342842102
1187,/content/Dataset/Test/Real/01231.jpg,1,1,1.0
1188,/content/Dataset/Test/Real/01235.jpg,1,0,0.21221486628055572
1189,/content/Dataset/Test/Real/01236.jpg,1,1,0.9964555501937866
1190,/content/Dataset/Test/Real/01252.jpg,1,0,0.0007358045550063252
1191,/content/Dataset/Test/Real/01266.jpg,1,1,0.7564966678619385
1192,/content/Dataset/Test/Real/01274.jpg,1,1,0.9985463619232178
1193,/content/Dataset/Test/Real/01289.jpg,1,1,0.69130939245224
1194,/content/Dataset/Test/Real/01304.jpg,1,1,1.0
1195,/content/Dataset/Test/Real/01306.jpg,1,1,0.9885503649711609
1196,/content/Dataset/Test/Real/01338.jpg,1,1,0.9998370409011841
1197,/content/Dataset/Test/Real/01348.jpg,1,1,0.992946207523346
1198,/content/Dataset/Test/Real/01351.jpg,1,1,0.8194214105606079
1199,/content/Dataset/Test/Real/01373.jpg,1,1,0.9999995231628418
1200,/content/Dataset/Test/Real/01389.jpg,1,1,0.9841131567955017
1201,/content/Dataset/Test/Real/01398.jpg,1,1,1.0
1202,/content/Dataset/Test/Real/01418.jpg,1,1,0.9999996423721313
1203,/content/Dataset/Test/Real/01422.jpg,1,1,0.9995219707489014
1204,/content/Dataset/Test/Real/01441.jpg,1,1,1.0
1205,/content/Dataset/Test/Real/01443.jpg,1,1,0.9983673691749573
1206,/content/Dataset/Test/Real/01453.jpg,1,1,1.0
1207,/content/Dataset/Test/Real/01459.jpg,1,1,0.9279859662055969
1208,/content/Dataset/Test/Real/01487.jpg,1,1,1.0
1209,/content/Dataset/Test/Real/01489.jpg,1,1,1.0
1210,/content/Dataset/Test/Real/01490.jpg,1,1,0.8785836100578308
1211,/content/Dataset/Test/Real/01503.jpg,1,1,1.0
1212,/content/Dataset/Test/Real/01523.jpg,1,0,0.17032042667269706
1213,/content/Dataset/Test/Real/01530.jpg,1,1,0.9999372959136963
1214,/content/Dataset/Test/Real/01535.jpg,1,1,0.9999988079071045
1215,/content/Dataset/Test/Real/01538.jpg,1,1,0.9983139038085938
1216,/content/Dataset/Test/Real/01543.jpg,1,1,0.9674326777458191
1217,/content/Dataset/Test/Real/01548.jpg,1,1,1.0
1218,/content/Dataset/Test/Real/01554.jpg,1,1,0.9944835305213928
1219,/content/Dataset/Test/Real/01566.jpg,1,1,1.0
1220,/content/Dataset/Test/Real/01573.jpg,1,1,0.9994562268257141
1221,/content/Dataset/Test/Real/01574.jpg,1,1,0.9998786449432373
1222,/content/Dataset/Test/Real/01582.jpg,1,1,0.9786242842674255
1223,/content/Dataset/Test/Real/01583.jpg,1,1,0.9999679327011108
1224,/content/Dataset/Test/Real/01589.jpg,1,1,0.9998917579650879
1225,/content/Dataset/Test/Real/01599.jpg,1,1,0.9973583817481995
1226,/content/Dataset/Test/Real/01605.jpg,1,1,1.0
1227,/content/Dataset/Test/Real/01606.jpg,1,1,0.9601024389266968
1228,/content/Dataset/Test/Real/01607.jpg,1,1,0.9997941851615906
1229,/content/Dataset/Test/Real/01613.jpg,1,1,0.9999980926513672
1230,/content/Dataset/Test/Real/01621.jpg,1,1,0.9501826763153076
1231,/content/Dataset/Test/Real/01642.jpg,1,0,0.03653697669506073
1232,/content/Dataset/Test/Real/01647.jpg,1,0,0.02565016970038414
1233,/content/Dataset/Test/Real/01648.jpg,1,1,0.7728410959243774
1234,/content/Dataset/Test/Real/01661.jpg,1,1,0.9896641373634338
1235,/content/Dataset/Test/Real/01663.jpg,1,1,1.0
1236,/content/Dataset/Test/Real/01667.jpg,1,1,0.9989334940910339
1237,/content/Dataset/Test/Real/01717.jpg,1,1,0.9966803789138794
1238,/content/Dataset/Test/Real/01733.jpg,1,1,1.0
1239,/content/Dataset/Test/Real/01734.jpg,1,1,1.0
1240,/content/Dataset/Test/Real/01783.jpg,1,1,0.9991629123687744
1241,/content/Dataset/Test/Real/01785.jpg,1,1,0.9999508857727051
1242,/content/Dataset/Test/Real/01795.jpg,1,1,0.9999865293502808
1243,/content/Dataset/Test/Real/01802.jpg,1,1,0.9996854066848755
1244,/content/Dataset/Test/Real/01812.jpg,1,1,0.999915599822998
1245,/content/Dataset/Test/Real/01826.jpg,1,1,0.9999738931655884
1246,/content/Dataset/Test/Real/01836.jpg,1,1,1.0
1247,/content/Dataset/Test/Real/01844.jpg,1,0,0.35457610096782444
1248,/content/Dataset/Test/Real/01855.jpg,1,1,0.8623122572898865
1249,/content/Dataset/Test/Real/01856.jpg,1,1,1.0
1250,/content/Dataset/Test/Real/01862.jpg,1,1,0.9999935626983643
1251,/content/Dataset/Test/Real/01870.jpg,1,1,1.0
1252,/content/Dataset/Test/Real/01874.jpg,1,1,0.9997095465660095
1253,/content/Dataset/Test/Real/01880.jpg,1,1,0.9911240339279175
1254,/content/Dataset/Test/Real/01889.jpg,1,1,0.9949616193771362
1255,/content/Dataset/Test/Real/01903.jpg,1,0,0.15339218089357018
1256,/content/Dataset/Test/Real/01914.jpg,1,1,1.0
1257,/content/Dataset/Test/Real/01915.jpg,1,1,0.9999703168869019
1258,/content/Dataset/Test/Real/01922.jpg,1,1,0.999987006187439
1259,/content/Dataset/Test/Real/01959.jpg,1,1,0.9997466206550598
1260,/content/Dataset/Test/Real/01961.jpg,1,1,1.0
1261,/content/Dataset/Test/Real/01971.jpg,1,1,0.8570822715759278
1262,/content/Dataset/Test/Real/01994.jpg,1,1,0.7062060832977295
1263,/content/Dataset/Test/Real/01998.jpg,1,1,0.9996916055679321
1264,/content/Dataset/Test/Real/02001.jpg,1,1,0.5639618039131165
1265,/content/Dataset/Test/Real/02006.jpg,1,1,1.0
1266,/content/Dataset/Test/Real/02021.jpg,1,1,0.7649438619613648
1267,/content/Dataset/Test/Real/02027.jpg,1,1,0.9395483732223511
1268,/content/Dataset/Test/Real/02033.jpg,1,1,0.9998723268508911
1269,/content/Dataset/Test/Real/02066.jpg,1,1,0.9995743632316589
1270,/content/Dataset/Test/Real/02070.jpg,1,1,0.9999985694885254
1271,/content/Dataset/Test/Real/02077.jpg,1,0,0.4298595428466797
1272,/content/Dataset/Test/Real/02094.jpg,1,1,0.6068528056144714
1273,/content/Dataset/Test/Real/02096.jpg,1,0,0.008824928663671017
1274,/content/Dataset/Test/Real/02098.jpg,1,1,0.9948862195014954
1275,/content/Dataset/Test/Real/02100.jpg,1,1,1.0
1276,/content/Dataset/Test/Real/02145.jpg,1,1,0.998927652835846
1277,/content/Dataset/Test/Real/02159.jpg,1,0,0.0372772291302681
1278,/content/Dataset/Test/Real/02161.jpg,1,1,1.0
1279,/content/Dataset/Test/Real/02188.jpg,1,1,0.9986415505409241
1280,/content/Dataset/Test/Real/02195.jpg,1,1,0.9999459981918335
1281,/content/Dataset/Test/Real/02208.jpg,1,0,0.0006222515949048102
1282,/content/Dataset/Test/Real/02216.jpg,1,0,0.00014469229790847749
1283,/content/Dataset/Test/Real/02221.jpg,1,1,1.0
1284,/content/Dataset/Test/Real/02225.jpg,1,1,1.0
1285,/content/Dataset/Test/Real/02230.jpg,1,1,0.9976410865783691
1286,/content/Dataset/Test/Real/02236.jpg,1,1,1.0
1287,/content/Dataset/Test/Real/02251.jpg,1,0,0.4057405889034271
1288,/content/Dataset/Test/Real/02258.jpg,1,1,0.9992103576660156
1289,/content/Dataset/Test/Real/02259.jpg,1,1,0.9999988079071045
1290,/content/Dataset/Test/Real/02270.jpg,1,1,1.0
1291,/content/Dataset/Test/Real/02282.jpg,1,1,0.9207847714424133
1292,/content/Dataset/Test/Real/02287.jpg,1,1,0.697194516658783
1293,/content/Dataset/Test/Real/02291.jpg,1,0,0.04558274894952774
1294,/content/Dataset/Test/Real/02295.jpg,1,1,0.9996610879898071
1295,/content/Dataset/Test/Real/02311.jpg,1,1,1.0
1296,/content/Dataset/Test/Real/02315.jpg,1,1,0.9996232986450195
1297,/content/Dataset/Test/Real/02319.jpg,1,1,1.0
1298,/content/Dataset/Test/Real/02321.jpg,1,1,0.6185539960861206
1299,/content/Dataset/Test/Real/02332.jpg,1,1,0.9999998807907104
1300,/content/Dataset/Test/Real/02333.jpg,1,1,0.9981023669242859
1301,/content/Dataset/Test/Real/02354.jpg,1,1,0.9999963045120239
1302,/content/Dataset/Test/Real/02356.jpg,1,1,1.0
1303,/content/Dataset/Test/Real/02366.jpg,1,1,0.9984883069992065
1304,/content/Dataset/Test/Real/02373.jpg,1,1,0.9921525120735168
1305,/content/Dataset/Test/Real/02375.jpg,1,1,0.9820866584777832
1306,/content/Dataset/Test/Real/02396.jpg,1,1,0.9662972688674927
1307,/content/Dataset/Test/Real/02412.jpg,1,1,0.747796893119812
1308,/content/Dataset/Test/Real/02414.jpg,1,1,1.0
1309,/content/Dataset/Test/Real/02415.jpg,1,0,0.4300767779350281
1310,/content/Dataset/Test/Real/02416.jpg,1,1,0.9707558155059814
1311,/content/Dataset/Test/Real/02420.jpg,1,1,1.0
1312,/content/Dataset/Test/Real/02422.jpg,1,1,0.9995899796485901
1313,/content/Dataset/Test/Real/02427.jpg,1,1,0.9006296992301941
1314,/content/Dataset/Test/Real/02437.jpg,1,1,0.8080332517623902
1315,/content/Dataset/Test/Real/02442.jpg,1,1,0.999428927898407
1316,/content/Dataset/Test/Real/02456.jpg,1,1,0.7868965268135071
1317,/content/Dataset/Test/Real/02470.jpg,1,1,1.0
1318,/content/Dataset/Test/Real/02475.jpg,1,0,0.12266644090414047
1319,/content/Dataset/Test/Real/02478.jpg,1,0,0.0002930494083557278
1320,/content/Dataset/Test/Real/02490.jpg,1,1,0.9972251653671265
1321,/content/Dataset/Test/Real/02506.jpg,1,1,1.0
1322,/content/Dataset/Test/Real/02509.jpg,1,1,0.9999572038650513
1323,/content/Dataset/Test/Real/02510.jpg,1,1,1.0
1324,/content/Dataset/Test/Real/02522.jpg,1,0,0.02355562336742878
1325,/content/Dataset/Test/Real/02536.jpg,1,1,0.9950826168060303
1326,/content/Dataset/Test/Real/02562.jpg,1,1,1.0
1327,/content/Dataset/Test/Real/02579.jpg,1,1,0.9995279312133789
1328,/content/Dataset/Test/Real/02602.jpg,1,1,0.9997370839118958
1329,/content/Dataset/Test/Real/02617.jpg,1,1,0.9939127564430237
1330,/content/Dataset/Test/Real/02626.jpg,1,1,0.9999886751174927
1331,/content/Dataset/Test/Real/02648.jpg,1,1,0.9999685287475586
1332,/content/Dataset/Test/Real/02653.jpg,1,1,0.9335111975669861
1333,/content/Dataset/Test/Real/02660.jpg,1,1,0.9999439716339111
1334,/content/Dataset/Test/Real/02663.jpg,1,1,0.9994852542877197
1335,/content/Dataset/Test/Real/02697.jpg,1,1,0.9998254179954529
1336,/content/Dataset/Test/Real/02704.jpg,1,1,0.9998573064804077
1337,/content/Dataset/Test/Real/02707.jpg,1,1,0.9999839067459106
1338,/content/Dataset/Test/Real/02715.jpg,1,1,0.9180771946907044
1339,/content/Dataset/Test/Real/02722.jpg,1,1,0.9999898672103882
1340,/content/Dataset/Test/Real/02726.jpg,1,1,1.0
1341,/content/Dataset/Test/Real/02749.jpg,1,0,0.29467225074768066
1342,/content/Dataset/Test/Real/02769.jpg,1,1,0.9979421496391296
1343,/content/Dataset/Test/Real/02773.jpg,1,1,1.0
1344,/content/Dataset/Test/Real/02779.jpg,1,1,0.9986478686332703
1345,/content/Dataset/Test/Real/02790.jpg,1,1,0.9999898672103882
1346,/content/Dataset/Test/Real/02802.jpg,1,1,0.9999980926513672
1347,/content/Dataset/Test/Real/02826.jpg,1,1,0.9930962920188904
1348,/content/Dataset/Test/Real/02832.jpg,1,1,0.999985933303833
1349,/content/Dataset/Test/Real/02837.jpg,1,1,0.9999724626541138
1350,/content/Dataset/Test/Real/02865.jpg,1,1,0.6093647480010986
1351,/content/Dataset/Test/Real/02873.jpg,1,1,0.9999961853027344
1352,/content/Dataset/Test/Real/02875.jpg,1,1,0.9404040575027466
1353,/content/Dataset/Test/Real/02877.jpg,1,1,0.9977983236312866
1354,/content/Dataset/Test/Real/02890.jpg,1,1,0.9346566796302795
1355,/content/Dataset/Test/Real/02892.jpg,1,1,0.5190773606300354
1356,/content/Dataset/Test/Real/02901.jpg,1,1,0.99998939037323
1357,/content/Dataset/Test/Real/02902.jpg,1,1,1.0
1358,/content/Dataset/Test/Real/02904.jpg,1,1,1.0
1359,/content/Dataset/Test/Real/02906.jpg,1,1,0.9997236132621765
1360,/content/Dataset/Test/Real/02909.jpg,1,1,0.9998542070388794
1361,/content/Dataset/Test/Real/02911.jpg,1,1,0.9704819321632385
1362,/content/Dataset/Test/Real/02926.jpg,1,1,1.0
1363,/content/Dataset/Test/Real/02931.jpg,1,1,0.981144368648529
1364,/content/Dataset/Test/Real/02934.jpg,1,1,1.0
1365,/content/Dataset/Test/Real/02975.jpg,1,0,0.26606992781162264
1366,/content/Dataset/Test/Real/02980.jpg,1,1,0.9999990463256836
1367,/content/Dataset/Test/Real/03001.jpg,1,0,0.025877004489302635
1368,/content/Dataset/Test/Real/03010.jpg,1,1,1.0
1369,/content/Dataset/Test/Real/03016.jpg,1,1,0.9999568462371826
1370,/content/Dataset/Test/Real/03052.jpg,1,1,1.0
1371,/content/Dataset/Test/Real/03060.jpg,1,1,0.9995415210723877
1372,/content/Dataset/Test/Real/03065.jpg,1,1,0.9999991655349731
1373,/content/Dataset/Test/Real/03066.jpg,1,1,0.9979029893875122
1374,/content/Dataset/Test/Real/03067.jpg,1,1,0.8486151933670044
1375,/content/Dataset/Test/Real/03081.jpg,1,1,0.9962718486785889
1376,/content/Dataset/Test/Real/03096.jpg,1,1,0.9963634610176086
1377,/content/Dataset/Test/Real/03114.jpg,1,1,0.9997960925102234
1378,/content/Dataset/Test/Real/03116.jpg,1,1,1.0
1379,/content/Dataset/Test/Real/03117.jpg,1,1,0.9128158688545227
1380,/content/Dataset/Test/Real/03130.jpg,1,1,0.9999971389770508
1381,/content/Dataset/Test/Real/03137.jpg,1,1,0.9227272272109985
1382,/content/Dataset/Test/Real/03146.jpg,1,1,0.9897785782814026
1383,/content/Dataset/Test/Real/03147.jpg,1,1,0.9999991655349731
1384,/content/Dataset/Test/Real/03156.jpg,1,1,0.9936546087265015
1385,/content/Dataset/Test/Real/03176.jpg,1,1,0.7938782572746277
1386,/content/Dataset/Test/Real/03187.jpg,1,1,0.9999569654464722
1387,/content/Dataset/Test/Real/03193.jpg,1,1,0.6650838851928711
1388,/content/Dataset/Test/Real/03196.jpg,1,1,0.9998561143875122
1389,/content/Dataset/Test/Real/03197.jpg,1,1,1.0
1390,/content/Dataset/Test/Real/03209.jpg,1,0,0.004156496375799179
1391,/content/Dataset/Test/Real/03213.jpg,1,1,0.6588302493095398
1392,/content/Dataset/Test/Real/03232.jpg,1,1,0.9996871948242188
1393,/content/Dataset/Test/Real/03239.jpg,1,1,0.9993263483047485
1394,/content/Dataset/Test/Real/03240.jpg,1,1,0.9999977350234985
1395,/content/Dataset/Test/Real/03242.jpg,1,1,0.9897965788841248
1396,/content/Dataset/Test/Real/03243.jpg,1,1,0.9998797178268433
1397,/content/Dataset/Test/Real/03263.jpg,1,1,1.0
1398,/content/Dataset/Test/Real/03275.jpg,1,1,0.9850810170173645
1399,/content/Dataset/Test/Real/03280.jpg,1,1,1.0
1400,/content/Dataset/Test/Real/03282.jpg,1,0,0.156719799246639
1401,/content/Dataset/Test/Real/03298.jpg,1,1,0.9999271631240845
1402,/content/Dataset/Test/Real/03314.jpg,1,1,0.9925798773765564
1403,/content/Dataset/Test/Real/03329.jpg,1,1,1.0
1404,/content/Dataset/Test/Real/03348.jpg,1,1,0.9994679093360901
1405,/content/Dataset/Test/Real/03360.jpg,1,1,0.9668706059455872
1406,/content/Dataset/Test/Real/03366.jpg,1,1,0.9999986886978149
1407,/content/Dataset/Test/Real/03374.jpg,1,1,1.0
1408,/content/Dataset/Test/Real/03378.jpg,1,1,1.0
1409,/content/Dataset/Test/Real/03380.jpg,1,1,0.9998025298118591
1410,/content/Dataset/Test/Real/03393.jpg,1,1,1.0
1411,/content/Dataset/Test/Real/03395.jpg,1,1,0.9946756362915039
1412,/content/Dataset/Test/Real/03404.jpg,1,1,1.0
1413,/content/Dataset/Test/Real/03416.jpg,1,0,0.37776869535446167
1414,/content/Dataset/Test/Real/03419.jpg,1,1,1.0
1415,/content/Dataset/Test/Real/03422.jpg,1,1,0.9998724460601807
1416,/content/Dataset/Test/Real/03454.jpg,1,1,1.0
1417,/content/Dataset/Test/Real/03463.jpg,1,1,1.0
1418,/content/Dataset/Test/Real/03466.jpg,1,1,0.9979680180549622
1419,/content/Dataset/Test/Real/03472.jpg,1,1,0.6364157795906067
1420,/content/Dataset/Test/Real/03474.jpg,1,0,0.38080804944038393
1421,/content/Dataset/Test/Real/03477.jpg,1,1,1.0
1422,/content/Dataset/Test/Real/03521.jpg,1,1,0.9799090027809143
1423,/content/Dataset/Test/Real/03524.jpg,1,1,1.0
1424,/content/Dataset/Test/Real/03531.jpg,1,1,0.9997137188911438
1425,/content/Dataset/Test/Real/03536.jpg,1,1,1.0
1426,/content/Dataset/Test/Real/03537.jpg,1,1,0.999992847442627
1427,/content/Dataset/Test/Real/03539.jpg,1,1,1.0
1428,/content/Dataset/Test/Real/03543.jpg,1,1,1.0
1429,/content/Dataset/Test/Real/03569.jpg,1,1,0.9961057305335999
1430,/content/Dataset/Test/Real/03571.jpg,1,1,0.516871988773346
1431,/content/Dataset/Test/Real/03574.jpg,1,1,1.0
1432,/content/Dataset/Test/Real/03598.jpg,1,1,0.9970259070396423
1433,/content/Dataset/Test/Real/03603.jpg,1,1,0.9984391331672668
1434,/content/Dataset/Test/Real/03629.jpg,1,1,1.0
1435,/content/Dataset/Test/Real/03633.jpg,1,1,0.9831653833389282
1436,/content/Dataset/Test/Real/03644.jpg,1,1,0.9999998807907104
1437,/content/Dataset/Test/Real/03674.jpg,1,1,0.5349988102912903
1438,/content/Dataset/Test/Real/03694.jpg,1,0,0.009112169034779072
1439,/content/Dataset/Test/Real/03699.jpg,1,1,0.9987037181854248
1440,/content/Dataset/Test/Real/03731.jpg,1,0,0.31673234701156616
1441,/content/Dataset/Test/Real/03739.jpg,1,1,0.9999992847442627
1442,/content/Dataset/Test/Real/03741.jpg,1,0,0.2928997874259949
1443,/content/Dataset/Test/Real/03746.jpg,1,1,0.9925283193588257
1444,/content/Dataset/Test/Real/03758.jpg,1,0,0.15656210957095026
1445,/content/Dataset/Test/Real/03766.jpg,1,0,0.04350321367383003
1446,/content/Dataset/Test/Real/03780.jpg,1,1,0.9928043484687805
1447,/content/Dataset/Test/Real/03791.jpg,1,1,0.9989810585975647
1448,/content/Dataset/Test/Real/03792.jpg,1,0,0.01435097772628069
1449,/content/Dataset/Test/Real/03802.jpg,1,1,0.9977719187736511
1450,/content/Dataset/Test/Real/03816.jpg,1,1,0.8517953753471375
1451,/content/Dataset/Test/Real/03833.jpg,1,1,0.9956086277961731
1452,/content/Dataset/Test/Real/03848.jpg,1,1,0.9991633892059326
1453,/content/Dataset/Test/Real/03860.jpg,1,1,0.9937957525253296
1454,/content/Dataset/Test/Real/03878.jpg,1,1,0.9993886947631836
1455,/content/Dataset/Test/Real/03901.jpg,1,1,1.0
1456,/content/Dataset/Test/Real/03909.jpg,1,0,0.00040027705836109817
1457,/content/Dataset/Test/Real/03915.jpg,1,1,0.9980927109718323
1458,/content/Dataset/Test/Real/03956.jpg,1,1,1.0
1459,/content/Dataset/Test/Real/03964.jpg,1,1,0.9999988079071045
1460,/content/Dataset/Test/Real/03965.jpg,1,1,0.9999327659606934
1461,/content/Dataset/Test/Real/03968.jpg,1,1,1.0
1462,/content/Dataset/Test/Real/03980.jpg,1,1,0.997759222984314
1463,/content/Dataset/Test/Real/03996.jpg,1,1,0.6698106527328491
1464,/content/Dataset/Test/Real/04003.jpg,1,1,0.9953702092170715
1465,/content/Dataset/Test/Real/04037.jpg,1,1,1.0
1466,/content/Dataset/Test/Real/04038.jpg,1,1,0.9946134686470032
1467,/content/Dataset/Test/Real/04043.jpg,1,1,0.6583343148231506
1468,/content/Dataset/Test/Real/04045.jpg,1,1,0.6857996582984924
1469,/content/Dataset/Test/Real/04048.jpg,1,1,0.9948471784591675
1470,/content/Dataset/Test/Real/04058.jpg,1,0,0.003968187607824802
1471,/content/Dataset/Test/Real/04060.jpg,1,1,0.7428463101387024
1472,/content/Dataset/Test/Real/04067.jpg,1,1,0.659463369846344
1473,/content/Dataset/Test/Real/04077.jpg,1,1,1.0
1474,/content/Dataset/Test/Real/04083.jpg,1,1,0.9998843669891357
1475,/content/Dataset/Test/Real/real_100_aug_3.jpg,1,1,0.9995934367179871
1476,/content/Dataset/Test/Real/real_102_aug_0.jpg,1,1,0.9999094009399414
1477,/content/Dataset/Test/Real/real_103_aug_0.jpg,1,1,1.0
1478,/content/Dataset/Test/Real/real_104_aug_1.jpg,1,1,0.9999963045120239
1479,/content/Dataset/Test/Real/real_105_aug_3.jpg,1,1,0.9999810457229614
1480,/content/Dataset/Test/Real/real_108_aug_0.jpg,1,1,0.9994818568229675
1481,/content/Dataset/Test/Real/real_109_aug_0.jpg,1,1,0.9535215497016907
1482,/content/Dataset/Test/Real/real_109_aug_1.jpg,1,1,1.0
1483,/content/Dataset/Test/Real/real_10_aug_1.jpg,1,1,0.9973554611206055
1484,/content/Dataset/Test/Real/real_110_aug_2.jpg,1,1,1.0
1485,/content/Dataset/Test/Real/real_110_aug_3.jpg,1,1,0.9745525121688843
1486,/content/Dataset/Test/Real/real_111_aug_4.jpg,1,1,0.9998883008956909
1487,/content/Dataset/Test/Real/real_112_aug_0.jpg,1,1,0.9997988343238831
1488,/content/Dataset/Test/Real/real_113_aug_0.jpg,1,1,0.9999916553497314
1489,/content/Dataset/Test/Real/real_114_aug_2.jpg,1,1,0.9999165534973145
1490,/content/Dataset/Test/Real/real_115_aug_1.jpg,1,1,1.0
1491,/content/Dataset/Test/Real/real_118_aug_3.jpg,1,1,0.9974740147590637
1492,/content/Dataset/Test/Real/real_120_aug_0.jpg,1,1,1.0
1493,/content/Dataset/Test/Real/real_122_aug_3.jpg,1,1,0.9999995231628418
1494,/content/Dataset/Test/Real/real_123_aug_0.jpg,1,1,1.0
1495,/content/Dataset/Test/Real/real_123_aug_2.jpg,1,1,1.0
1496,/content/Dataset/Test/Real/real_123_aug_4.jpg,1,1,0.9949073195457458
1497,/content/Dataset/Test/Real/real_124_aug_3.jpg,1,1,0.999245285987854
1498,/content/Dataset/Test/Real/real_127_aug_4.jpg,1,1,0.9999970197677612
1499,/content/Dataset/Test/Real/real_128_aug_1.jpg,1,1,0.9717391133308411
1500,/content/Dataset/Test/Real/real_129_aug_0.jpg,1,1,1.0
1501,/content/Dataset/Test/Real/real_129_aug_3.jpg,1,1,1.0
1502,/content/Dataset/Test/Real/real_131_aug_4.jpg,1,1,0.9998989105224609
1503,/content/Dataset/Test/Real/real_136_aug_0.jpg,1,1,0.9999998807907104
1504,/content/Dataset/Test/Real/real_137_aug_4.jpg,1,1,0.9999996423721313
1505,/content/Dataset/Test/Real/real_138_aug_0.jpg,1,1,0.9988828301429749
1506,/content/Dataset/Test/Real/real_139_aug_4.jpg,1,1,0.9997797608375549
1507,/content/Dataset/Test/Real/real_13_aug_3.jpg,1,1,1.0
1508,/content/Dataset/Test/Real/real_140_aug_0.jpg,1,1,1.0
1509,/content/Dataset/Test/Real/real_141_aug_0.jpg,1,1,0.9999178647994995
1510,/content/Dataset/Test/Real/real_144_aug_1.jpg,1,1,0.9993948936462402
1511,/content/Dataset/Test/Real/real_146_aug_4.jpg,1,1,0.9997929930686951
1512,/content/Dataset/Test/Real/real_149_aug_1.jpg,1,1,0.9997594952583313
1513,/content/Dataset/Test/Real/real_14_aug_2.jpg,1,1,0.9999986886978149
1514,/content/Dataset/Test/Real/real_150_aug_1.jpg,1,1,1.0
1515,/content/Dataset/Test/Real/real_151_aug_1.jpg,1,1,0.7666754126548767
1516,/content/Dataset/Test/Real/real_152_aug_2.jpg,1,1,1.0
1517,/content/Dataset/Test/Real/real_154_aug_1.jpg,1,1,1.0
1518,/content/Dataset/Test/Real/real_154_aug_4.jpg,1,1,0.9999617338180542
1519,/content/Dataset/Test/Real/real_157_aug_1.jpg,1,1,0.9806658625602722
1520,/content/Dataset/Test/Real/real_158_aug_1.jpg,1,1,0.9999983310699463
1521,/content/Dataset/Test/Real/real_160_aug_2.jpg,1,1,0.999911904335022
1522,/content/Dataset/Test/Real/real_161_aug_0.jpg,1,1,0.9889051914215088
1523,/content/Dataset/Test/Real/real_162_aug_3.jpg,1,1,0.9999982118606567
1524,/content/Dataset/Test/Real/real_163_aug_2.jpg,1,1,1.0
1525,/content/Dataset/Test/Real/real_165_aug_1.jpg,1,1,1.0
1526,/content/Dataset/Test/Real/real_16_aug_1.jpg,1,1,1.0
1527,/content/Dataset/Test/Real/real_171_aug_1.jpg,1,1,0.9999897480010986
1528,/content/Dataset/Test/Real/real_172_aug_3.jpg,1,1,1.0
1529,/content/Dataset/Test/Real/real_174_aug_2.jpg,1,1,0.9505231380462646
1530,/content/Dataset/Test/Real/real_174_aug_3.jpg,1,1,1.0
1531,/content/Dataset/Test/Real/real_174_aug_4.jpg,1,1,0.9994899034500122
1532,/content/Dataset/Test/Real/real_177_aug_2.jpg,1,1,0.9999992847442627
1533,/content/Dataset/Test/Real/real_17_aug_1.jpg,1,1,0.995410144329071
1534,/content/Dataset/Test/Real/real_180_aug_4.jpg,1,0,0.44663965702056885
1535,/content/Dataset/Test/Real/real_181_aug_0.jpg,1,1,0.7747063040733337
1536,/content/Dataset/Test/Real/real_186_aug_1.jpg,1,1,1.0
1537,/content/Dataset/Test/Real/real_186_aug_2.jpg,1,1,0.9667186141014099
1538,/content/Dataset/Test/Real/real_187_aug_0.jpg,1,1,0.9978880286216736
1539,/content/Dataset/Test/Real/real_187_aug_4.jpg,1,1,0.9997581839561462
1540,/content/Dataset/Test/Real/real_188_aug_1.jpg,1,1,0.9904971122741699
1541,/content/Dataset/Test/Real/real_188_aug_4.jpg,1,1,1.0
1542,/content/Dataset/Test/Real/real_189_aug_0.jpg,1,1,1.0
1543,/content/Dataset/Test/Real/real_189_aug_4.jpg,1,1,1.0
1544,/content/Dataset/Test/Real/real_18_aug_2.jpg,1,1,0.9984754920005798
1545,/content/Dataset/Test/Real/real_191_aug_0.jpg,1,1,0.9999492168426514
1546,/content/Dataset/Test/Real/real_195_aug_2.jpg,1,1,1.0
1547,/content/Dataset/Test/Real/real_196_aug_3.jpg,1,1,1.0
1548,/content/Dataset/Test/Real/real_197_aug_0.jpg,1,1,0.998501181602478
1549,/content/Dataset/Test/Real/real_198_aug_0.jpg,1,1,0.9999997615814209
1550,/content/Dataset/Test/Real/real_199_aug_2.jpg,1,1,0.9981284737586975
1551,/content/Dataset/Test/Real/real_1_aug_1.jpg,1,1,0.9994193315505981
1552,/content/Dataset/Test/Real/real_202_aug_3.jpg,1,1,0.9999897480010986
1553,/content/Dataset/Test/Real/real_203_aug_1.jpg,1,1,1.0
1554,/content/Dataset/Test/Real/real_203_aug_3.jpg,1,1,1.0
1555,/content/Dataset/Test/Real/real_205_aug_1.jpg,1,1,0.9999998807907104
1556,/content/Dataset/Test/Real/real_206_aug_2.jpg,1,1,0.9998031258583069
1557,/content/Dataset/Test/Real/real_207_aug_1.jpg,1,1,0.999049723148346
1558,/content/Dataset/Test/Real/real_207_aug_3.jpg,1,1,0.999825656414032
1559,/content/Dataset/Test/Real/real_208_aug_3.jpg,1,1,0.9735461473464966
1560,/content/Dataset/Test/Real/real_209_aug_3.jpg,1,1,1.0
1561,/content/Dataset/Test/Real/real_210_aug_0.jpg,1,1,0.99868243932724
1562,/content/Dataset/Test/Real/real_210_aug_2.jpg,1,1,1.0
1563,/content/Dataset/Test/Real/real_211_aug_4.jpg,1,1,0.9999909400939941
1564,/content/Dataset/Test/Real/real_212_aug_4.jpg,1,1,0.9986622333526611
1565,/content/Dataset/Test/Real/real_213_aug_0.jpg,1,1,1.0
1566,/content/Dataset/Test/Real/real_214_aug_3.jpg,1,1,0.9999042749404907
1567,/content/Dataset/Test/Real/real_219_aug_0.jpg,1,1,0.9999270439147949
1568,/content/Dataset/Test/Real/real_219_aug_1.jpg,1,1,0.9964572787284851
1569,/content/Dataset/Test/Real/real_219_aug_2.jpg,1,1,0.9463585019111633
1570,/content/Dataset/Test/Real/real_219_aug_4.jpg,1,1,1.0
1571,/content/Dataset/Test/Real/real_223_aug_2.jpg,1,1,1.0
1572,/content/Dataset/Test/Real/real_223_aug_4.jpg,1,1,0.9996802806854248
1573,/content/Dataset/Test/Real/real_224_aug_3.jpg,1,1,0.6861918568611145
1574,/content/Dataset/Test/Real/real_226_aug_3.jpg,1,1,1.0
1575,/content/Dataset/Test/Real/real_227_aug_0.jpg,1,1,1.0
1576,/content/Dataset/Test/Real/real_227_aug_4.jpg,1,1,0.9991459846496582
1577,/content/Dataset/Test/Real/real_228_aug_1.jpg,1,1,1.0
1578,/content/Dataset/Test/Real/real_228_aug_2.jpg,1,1,0.9999582767486572
1579,/content/Dataset/Test/Real/real_228_aug_3.jpg,1,1,0.9999980926513672
1580,/content/Dataset/Test/Real/real_228_aug_4.jpg,1,1,0.999980092048645
1581,/content/Dataset/Test/Real/real_229_aug_4.jpg,1,1,0.9999808073043823
1582,/content/Dataset/Test/Real/real_231_aug_4.jpg,1,1,0.9992850422859192
1583,/content/Dataset/Test/Real/real_232_aug_4.jpg,1,1,0.9807708859443665
1584,/content/Dataset/Test/Real/real_233_aug_0.jpg,1,1,0.9999785423278809
1585,/content/Dataset/Test/Real/real_233_aug_1.jpg,1,1,1.0
1586,/content/Dataset/Test/Real/real_235_aug_3.jpg,1,1,0.9992774128913879
1587,/content/Dataset/Test/Real/real_237_aug_3.jpg,1,1,1.0
1588,/content/Dataset/Test/Real/real_23_aug_4.jpg,1,1,0.997246265411377
1589,/content/Dataset/Test/Real/real_241_aug_4.jpg,1,1,0.9997377991676331
1590,/content/Dataset/Test/Real/real_245_aug_1.jpg,1,1,1.0
1591,/content/Dataset/Test/Real/real_245_aug_2.jpg,1,1,0.9999393224716187
1592,/content/Dataset/Test/Real/real_246_aug_0.jpg,1,1,0.6592841744422913
1593,/content/Dataset/Test/Real/real_247_aug_1.jpg,1,1,0.9996770620346069
1594,/content/Dataset/Test/Real/real_248_aug_4.jpg,1,1,0.9977608919143677
1595,/content/Dataset/Test/Real/real_250_aug_4.jpg,1,1,0.9962233304977417
1596,/content/Dataset/Test/Real/real_252_aug_0.jpg,1,1,0.9993602633476257
1597,/content/Dataset/Test/Real/real_255_aug_0.jpg,1,1,0.999997615814209
1598,/content/Dataset/Test/Real/real_255_aug_2.jpg,1,1,1.0
1599,/content/Dataset/Test/Real/real_255_aug_3.jpg,1,1,0.9995782971382141
1600,/content/Dataset/Test/Real/real_257_aug_1.jpg,1,1,0.9998397827148438
1601,/content/Dataset/Test/Real/real_258_aug_2.jpg,1,1,0.9998794794082642
1602,/content/Dataset/Test/Real/real_259_aug_0.jpg,1,1,1.0
1603,/content/Dataset/Test/Real/real_25_aug_4.jpg,1,1,0.9999330043792725
1604,/content/Dataset/Test/Real/real_260_aug_4.jpg,1,1,0.9995784163475037
1605,/content/Dataset/Test/Real/real_264_aug_1.jpg,1,1,0.9999876022338867
1606,/content/Dataset/Test/Real/real_265_aug_3.jpg,1,1,0.999693751335144
1607,/content/Dataset/Test/Real/real_266_aug_3.jpg,1,1,0.8748631715774536
1608,/content/Dataset/Test/Real/real_267_aug_3.jpg,1,1,0.9936819076538086
1609,/content/Dataset/Test/Real/real_268_aug_0.jpg,1,1,0.9971152544021606
1610,/content/Dataset/Test/Real/real_26_aug_3.jpg,1,1,1.0
1611,/content/Dataset/Test/Real/real_270_aug_0.jpg,1,1,0.999089241027832
1612,/content/Dataset/Test/Real/real_271_aug_3.jpg,1,1,0.9999991655349731
1613,/content/Dataset/Test/Real/real_274_aug_1.jpg,1,1,0.9998225569725037
1614,/content/Dataset/Test/Real/real_274_aug_2.jpg,1,1,1.0
1615,/content/Dataset/Test/Real/real_280_aug_2.jpg,1,1,0.9998094439506531
1616,/content/Dataset/Test/Real/real_280_aug_3.jpg,1,1,1.0
1617,/content/Dataset/Test/Real/real_281_aug_2.jpg,1,1,0.9978227615356445
1618,/content/Dataset/Test/Real/real_282_aug_3.jpg,1,1,0.9999152421951294
1619,/content/Dataset/Test/Real/real_283_aug_3.jpg,1,1,1.0
1620,/content/Dataset/Test/Real/real_286_aug_4.jpg,1,1,0.9623842835426331
1621,/content/Dataset/Test/Real/real_288_aug_1.jpg,1,1,0.9999983310699463
1622,/content/Dataset/Test/Real/real_288_aug_2.jpg,1,1,1.0
1623,/content/Dataset/Test/Real/real_291_aug_0.jpg,1,1,1.0
1624,/content/Dataset/Test/Real/real_291_aug_2.jpg,1,1,1.0
1625,/content/Dataset/Test/Real/real_294_aug_4.jpg,1,1,1.0
1626,/content/Dataset/Test/Real/real_296_aug_0.jpg,1,1,0.9999971389770508
1627,/content/Dataset/Test/Real/real_296_aug_4.jpg,1,1,0.9999407529830933
1628,/content/Dataset/Test/Real/real_297_aug_0.jpg,1,1,0.9459354877471924
1629,/content/Dataset/Test/Real/real_298_aug_4.jpg,1,1,1.0
1630,/content/Dataset/Test/Real/real_29_aug_1.jpg,1,1,0.9999454021453857
1631,/content/Dataset/Test/Real/real_301_aug_3.jpg,1,1,0.9999834299087524
1632,/content/Dataset/Test/Real/real_301_aug_4.jpg,1,1,0.9982690811157227
1633,/content/Dataset/Test/Real/real_303_aug_0.jpg,1,1,0.9999910593032837
1634,/content/Dataset/Test/Real/real_306_aug_0.jpg,1,1,0.9995461106300354
1635,/content/Dataset/Test/Real/real_308_aug_1.jpg,1,1,0.9999936819076538
1636,/content/Dataset/Test/Real/real_308_aug_4.jpg,1,1,0.9999802112579346
1637,/content/Dataset/Test/Real/real_30_aug_1.jpg,1,1,0.9984976053237915
1638,/content/Dataset/Test/Real/real_30_aug_2.jpg,1,1,1.0
1639,/content/Dataset/Test/Real/real_313_aug_4.jpg,1,1,0.9994736313819885
1640,/content/Dataset/Test/Real/real_315_aug_0.jpg,1,1,0.9998893737792969
1641,/content/Dataset/Test/Real/real_316_aug_3.jpg,1,1,0.6140125393867493
1642,/content/Dataset/Test/Real/real_317_aug_0.jpg,1,1,0.9994572997093201
1643,/content/Dataset/Test/Real/real_317_aug_4.jpg,1,1,0.9999505281448364
1644,/content/Dataset/Test/Real/real_318_aug_4.jpg,1,1,0.9996520280838013
1645,/content/Dataset/Test/Real/real_319_aug_0.jpg,1,1,1.0
1646,/content/Dataset/Test/Real/real_31_aug_0.jpg,1,1,0.9688131213188171
1647,/content/Dataset/Test/Real/real_320_aug_3.jpg,1,1,1.0
1648,/content/Dataset/Test/Real/real_321_aug_0.jpg,1,1,0.9966212511062622
1649,/content/Dataset/Test/Real/real_321_aug_3.jpg,1,1,0.9974163770675659
1650,/content/Dataset/Test/Real/real_322_aug_0.jpg,1,1,1.0
1651,/content/Dataset/Test/Real/real_323_aug_0.jpg,1,1,0.9607838988304138
1652,/content/Dataset/Test/Real/real_324_aug_4.jpg,1,1,0.9997348189353943
1653,/content/Dataset/Test/Real/real_325_aug_0.jpg,1,1,0.9991713762283325
1654,/content/Dataset/Test/Real/real_326_aug_3.jpg,1,1,0.9955654740333557
1655,/content/Dataset/Test/Real/real_327_aug_1.jpg,1,1,0.9999414682388306
1656,/content/Dataset/Test/Real/real_329_aug_1.jpg,1,1,1.0
1657,/content/Dataset/Test/Real/real_329_aug_2.jpg,1,1,0.9913070797920227
1658,/content/Dataset/Test/Real/real_32_aug_0.jpg,1,1,1.0
1659,/content/Dataset/Test/Real/real_330_aug_1.jpg,1,1,1.0
1660,/content/Dataset/Test/Real/real_330_aug_2.jpg,1,1,0.9911200404167175
1661,/content/Dataset/Test/Real/real_331_aug_3.jpg,1,1,0.9999326467514038
1662,/content/Dataset/Test/Real/real_331_aug_4.jpg,1,1,0.9797764420509338
1663,/content/Dataset/Test/Real/real_332_aug_2.jpg,1,1,1.0
1664,/content/Dataset/Test/Real/real_332_aug_3.jpg,1,1,0.9962719678878784
1665,/content/Dataset/Test/Real/real_332_aug_4.jpg,1,1,0.9998109936714172
1666,/content/Dataset/Test/Real/real_334_aug_1.jpg,1,1,0.9997237324714661
1667,/content/Dataset/Test/Real/real_334_aug_2.jpg,1,1,0.9498202204704285
1668,/content/Dataset/Test/Real/real_336_aug_3.jpg,1,1,0.9999161958694458
1669,/content/Dataset/Test/Real/real_337_aug_1.jpg,1,1,0.9661053061485291
1670,/content/Dataset/Test/Real/real_338_aug_2.jpg,1,1,0.9930493831634521
1671,/content/Dataset/Test/Real/real_338_aug_4.jpg,1,1,0.9973160624504089
1672,/content/Dataset/Test/Real/real_33_aug_1.jpg,1,1,0.9999878406524658
1673,/content/Dataset/Test/Real/real_342_aug_0.jpg,1,1,0.9996041655540466
1674,/content/Dataset/Test/Real/real_342_aug_1.jpg,1,1,0.9918861389160156
1675,/content/Dataset/Test/Real/real_343_aug_4.jpg,1,1,0.515693724155426
1676,/content/Dataset/Test/Real/real_346_aug_0.jpg,1,1,0.9999955892562866
1677,/content/Dataset/Test/Real/real_346_aug_3.jpg,1,1,0.9868320226669312
1678,/content/Dataset/Test/Real/real_348_aug_2.jpg,1,1,0.9948870539665222
1679,/content/Dataset/Test/Real/real_352_aug_2.jpg,1,1,0.9999958276748657
1680,/content/Dataset/Test/Real/real_355_aug_1.jpg,1,1,0.9999938011169434
1681,/content/Dataset/Test/Real/real_355_aug_2.jpg,1,1,1.0
1682,/content/Dataset/Test/Real/real_356_aug_0.jpg,1,1,0.9999946355819702
1683,/content/Dataset/Test/Real/real_356_aug_3.jpg,1,1,0.9999953508377075
1684,/content/Dataset/Test/Real/real_358_aug_0.jpg,1,1,1.0
1685,/content/Dataset/Test/Real/real_358_aug_2.jpg,1,1,0.9952202439308167
1686,/content/Dataset/Test/Real/real_358_aug_4.jpg,1,1,1.0
1687,/content/Dataset/Test/Real/real_361_aug_0.jpg,1,1,1.0
1688,/content/Dataset/Test/Real/real_362_aug_1.jpg,1,1,0.9977076053619385
1689,/content/Dataset/Test/Real/real_362_aug_2.jpg,1,1,1.0
1690,/content/Dataset/Test/Real/real_364_aug_1.jpg,1,1,1.0
1691,/content/Dataset/Test/Real/real_367_aug_0.jpg,1,1,1.0
1692,/content/Dataset/Test/Real/real_367_aug_3.jpg,1,1,1.0
1693,/content/Dataset/Test/Real/real_36_aug_4.jpg,1,1,0.9984139204025269
1694,/content/Dataset/Test/Real/real_372_aug_0.jpg,1,1,1.0
1695,/content/Dataset/Test/Real/real_372_aug_1.jpg,1,1,1.0
1696,/content/Dataset/Test/Real/real_372_aug_3.jpg,1,1,1.0
1697,/content/Dataset/Test/Real/real_374_aug_1.jpg,1,1,0.9986299276351929
1698,/content/Dataset/Test/Real/real_375_aug_0.jpg,1,1,1.0
1699,/content/Dataset/Test/Real/real_375_aug_4.jpg,1,1,1.0
1700,/content/Dataset/Test/Real/real_376_aug_0.jpg,1,1,1.0
1701,/content/Dataset/Test/Real/real_376_aug_2.jpg,1,1,0.9862186312675476
1702,/content/Dataset/Test/Real/real_376_aug_4.jpg,1,1,0.9965008497238159
1703,/content/Dataset/Test/Real/real_377_aug_1.jpg,1,1,0.9999972581863403
1704,/content/Dataset/Test/Real/real_379_aug_3.jpg,1,1,0.9999837875366211
1705,/content/Dataset/Test/Real/real_37_aug_1.jpg,1,1,0.999594509601593
1706,/content/Dataset/Test/Real/real_380_aug_0.jpg,1,1,0.9998700618743896
1707,/content/Dataset/Test/Real/real_380_aug_1.jpg,1,1,1.0
1708,/content/Dataset/Test/Real/real_380_aug_3.jpg,1,1,1.0
1709,/content/Dataset/Test/Real/real_381_aug_2.jpg,1,1,0.9989487528800964
1710,/content/Dataset/Test/Real/real_381_aug_4.jpg,1,1,0.9980864524841309
1711,/content/Dataset/Test/Real/real_382_aug_0.jpg,1,1,0.9999417066574097
1712,/content/Dataset/Test/Real/real_382_aug_3.jpg,1,1,1.0
1713,/content/Dataset/Test/Real/real_383_aug_1.jpg,1,1,0.9999663829803467
1714,/content/Dataset/Test/Real/real_384_aug_0.jpg,1,1,1.0
1715,/content/Dataset/Test/Real/real_385_aug_4.jpg,1,1,0.9997813105583191
1716,/content/Dataset/Test/Real/real_386_aug_0.jpg,1,1,1.0
1717,/content/Dataset/Test/Real/real_389_aug_2.jpg,1,1,0.9865630865097046
1718,/content/Dataset/Test/Real/real_38_aug_0.jpg,1,1,0.9998723268508911
1719,/content/Dataset/Test/Real/real_390_aug_3.jpg,1,1,1.0
1720,/content/Dataset/Test/Real/real_391_aug_2.jpg,1,1,1.0
1721,/content/Dataset/Test/Real/real_393_aug_4.jpg,1,1,0.9987733960151672
1722,/content/Dataset/Test/Real/real_394_aug_2.jpg,1,1,0.9990063309669495
1723,/content/Dataset/Test/Real/real_394_aug_3.jpg,1,1,0.9999903440475464
1724,/content/Dataset/Test/Real/real_399_aug_2.jpg,1,1,0.9877761602401733
1725,/content/Dataset/Test/Real/real_39_aug_0.jpg,1,1,0.9998294115066528
1726,/content/Dataset/Test/Real/real_401_aug_0.jpg,1,1,1.0
1727,/content/Dataset/Test/Real/real_401_aug_4.jpg,1,1,1.0
1728,/content/Dataset/Test/Real/real_402_aug_1.jpg,1,1,0.9967893958091736
1729,/content/Dataset/Test/Real/real_402_aug_3.jpg,1,1,0.9998180270195007
1730,/content/Dataset/Test/Real/real_406_aug_0.jpg,1,1,0.9930128455162048
1731,/content/Dataset/Test/Real/real_406_aug_2.jpg,1,1,0.9985151886940002
1732,/content/Dataset/Test/Real/real_410_aug_0.jpg,1,1,0.9994024038314819
1733,/content/Dataset/Test/Real/real_412_aug_3.jpg,1,1,1.0
1734,/content/Dataset/Test/Real/real_413_aug_4.jpg,1,1,0.8926734924316406
1735,/content/Dataset/Test/Real/real_414_aug_0.jpg,1,1,0.9999891519546509
1736,/content/Dataset/Test/Real/real_414_aug_3.jpg,1,1,0.9999449253082275
1737,/content/Dataset/Test/Real/real_414_aug_4.jpg,1,1,1.0
1738,/content/Dataset/Test/Real/real_417_aug_1.jpg,1,1,0.8386535048484802
1739,/content/Dataset/Test/Real/real_417_aug_4.jpg,1,0,0.0966544896364212
1740,/content/Dataset/Test/Real/real_419_aug_2.jpg,1,1,1.0
1741,/content/Dataset/Test/Real/real_419_aug_3.jpg,1,1,0.9990798234939575
1742,/content/Dataset/Test/Real/real_419_aug_4.jpg,1,1,1.0
1743,/content/Dataset/Test/Real/real_41_aug_2.jpg,1,1,0.999427318572998
1744,/content/Dataset/Test/Real/real_421_aug_0.jpg,1,1,1.0
1745,/content/Dataset/Test/Real/real_421_aug_2.jpg,1,1,0.9999923706054688
1746,/content/Dataset/Test/Real/real_423_aug_3.jpg,1,1,1.0
1747,/content/Dataset/Test/Real/real_425_aug_4.jpg,1,1,0.9999598264694214
1748,/content/Dataset/Test/Real/real_428_aug_1.jpg,1,1,0.9916794896125793
1749,/content/Dataset/Test/Real/real_429_aug_0.jpg,1,1,1.0
1750,/content/Dataset/Test/Real/real_429_aug_3.jpg,1,1,1.0
1751,/content/Dataset/Test/Real/real_42_aug_3.jpg,1,1,1.0
1752,/content/Dataset/Test/Real/real_430_aug_1.jpg,1,1,1.0
1753,/content/Dataset/Test/Real/real_431_aug_0.jpg,1,1,0.9999974966049194
1754,/content/Dataset/Test/Real/real_435_aug_4.jpg,1,1,0.7362133264541626
1755,/content/Dataset/Test/Real/real_436_aug_2.jpg,1,1,0.9999982118606567
1756,/content/Dataset/Test/Real/real_436_aug_4.jpg,1,1,1.0
1757,/content/Dataset/Test/Real/real_437_aug_2.jpg,1,1,0.999991774559021
1758,/content/Dataset/Test/Real/real_437_aug_4.jpg,1,1,0.9997472167015076
1759,/content/Dataset/Test/Real/real_438_aug_1.jpg,1,1,0.9961644411087036
1760,/content/Dataset/Test/Real/real_43_aug_4.jpg,1,1,1.0
1761,/content/Dataset/Test/Real/real_440_aug_1.jpg,1,1,0.9997838139533997
1762,/content/Dataset/Test/Real/real_440_aug_3.jpg,1,1,0.9998866319656372
1763,/content/Dataset/Test/Real/real_442_aug_0.jpg,1,1,1.0
1764,/content/Dataset/Test/Real/real_449_aug_1.jpg,1,1,1.0
1765,/content/Dataset/Test/Real/real_44_aug_1.jpg,1,0,0.0410832054913044
1766,/content/Dataset/Test/Real/real_450_aug_1.jpg,1,1,0.9999816417694092
1767,/content/Dataset/Test/Real/real_450_aug_3.jpg,1,1,0.9997639060020447
1768,/content/Dataset/Test/Real/real_451_aug_4.jpg,1,1,1.0
1769,/content/Dataset/Test/Real/real_452_aug_0.jpg,1,1,0.9992895126342773
1770,/content/Dataset/Test/Real/real_453_aug_2.jpg,1,1,0.9999988079071045
1771,/content/Dataset/Test/Real/real_454_aug_2.jpg,1,1,0.9561591744422913
1772,/content/Dataset/Test/Real/real_455_aug_3.jpg,1,1,1.0
1773,/content/Dataset/Test/Real/real_457_aug_3.jpg,1,1,0.9999948740005493
1774,/content/Dataset/Test/Real/real_459_aug_3.jpg,1,1,0.994251012802124
1775,/content/Dataset/Test/Real/real_45_aug_2.jpg,1,1,0.9999982118606567
1776,/content/Dataset/Test/Real/real_461_aug_1.jpg,1,1,1.0
1777,/content/Dataset/Test/Real/real_461_aug_2.jpg,1,1,0.9999576807022095
1778,/content/Dataset/Test/Real/real_462_aug_2.jpg,1,1,0.9993388056755066
1779,/content/Dataset/Test/Real/real_462_aug_4.jpg,1,1,1.0
1780,/content/Dataset/Test/Real/real_465_aug_4.jpg,1,1,1.0
1781,/content/Dataset/Test/Real/real_466_aug_0.jpg,1,1,0.9999780654907227
1782,/content/Dataset/Test/Real/real_466_aug_1.jpg,1,1,1.0
1783,/content/Dataset/Test/Real/real_467_aug_0.jpg,1,1,1.0
1784,/content/Dataset/Test/Real/real_468_aug_2.jpg,1,1,0.9983398914337158
1785,/content/Dataset/Test/Real/real_468_aug_4.jpg,1,1,0.9946658611297607
1786,/content/Dataset/Test/Real/real_46_aug_3.jpg,1,1,0.9962746739387512
1787,/content/Dataset/Test/Real/real_471_aug_0.jpg,1,1,0.9982901215553284
1788,/content/Dataset/Test/Real/real_471_aug_3.jpg,1,1,0.9999610185623169
1789,/content/Dataset/Test/Real/real_473_aug_4.jpg,1,1,1.0
1790,/content/Dataset/Test/Real/real_474_aug_1.jpg,1,1,0.9976792931556702
1791,/content/Dataset/Test/Real/real_475_aug_0.jpg,1,1,0.987772524356842
1792,/content/Dataset/Test/Real/real_475_aug_2.jpg,1,1,0.9998602867126465
1793,/content/Dataset/Test/Real/real_477_aug_1.jpg,1,1,0.9999996423721313
1794,/content/Dataset/Test/Real/real_477_aug_4.jpg,1,1,0.9999966621398926
1795,/content/Dataset/Test/Real/real_480_aug_4.jpg,1,1,0.9998886585235596
1796,/content/Dataset/Test/Real/real_481_aug_2.jpg,1,1,1.0
1797,/content/Dataset/Test/Real/real_481_aug_4.jpg,1,1,0.8608030080795288
1798,/content/Dataset/Test/Real/real_483_aug_4.jpg,1,1,0.997270405292511
1799,/content/Dataset/Test/Real/real_484_aug_3.jpg,1,1,0.9976892471313477
1800,/content/Dataset/Test/Real/real_486_aug_0.jpg,1,1,0.9995121955871582
1801,/content/Dataset/Test/Real/real_488_aug_2.jpg,1,1,0.9999998807907104
1802,/content/Dataset/Test/Real/real_48_aug_1.jpg,1,1,0.9977477192878723
1803,/content/Dataset/Test/Real/real_48_aug_4.jpg,1,1,0.9999972581863403
1804,/content/Dataset/Test/Real/real_490_aug_1.jpg,1,1,0.8542361855506897
1805,/content/Dataset/Test/Real/real_491_aug_4.jpg,1,1,0.9998749494552612
1806,/content/Dataset/Test/Real/real_494_aug_0.jpg,1,1,0.9999879598617554
1807,/content/Dataset/Test/Real/real_494_aug_2.jpg,1,1,1.0
1808,/content/Dataset/Test/Real/real_494_aug_4.jpg,1,1,0.9999443292617798
1809,/content/Dataset/Test/Real/real_496_aug_0.jpg,1,1,1.0
1810,/content/Dataset/Test/Real/real_496_aug_2.jpg,1,1,0.9972785115242004
1811,/content/Dataset/Test/Real/real_499_aug_3.jpg,1,1,1.0
1812,/content/Dataset/Test/Real/real_49_aug_2.jpg,1,1,0.8878023028373718
1813,/content/Dataset/Test/Real/real_4_aug_3.jpg,1,1,0.9999998807907104
1814,/content/Dataset/Test/Real/real_500_aug_0.jpg,1,1,0.9999327659606934
1815,/content/Dataset/Test/Real/real_500_aug_1.jpg,1,1,1.0
1816,/content/Dataset/Test/Real/real_502_aug_4.jpg,1,1,1.0
1817,/content/Dataset/Test/Real/real_503_aug_0.jpg,1,1,0.9211897253990173
1818,/content/Dataset/Test/Real/real_506_aug_4.jpg,1,1,0.9999289512634277
1819,/content/Dataset/Test/Real/real_507_aug_1.jpg,1,1,0.9992156028747559
1820,/content/Dataset/Test/Real/real_507_aug_3.jpg,1,1,1.0
1821,/content/Dataset/Test/Real/real_507_aug_4.jpg,1,1,0.9964269995689392
1822,/content/Dataset/Test/Real/real_508_aug_2.jpg,1,1,0.9991992115974426
1823,/content/Dataset/Test/Real/real_508_aug_3.jpg,1,1,1.0
1824,/content/Dataset/Test/Real/real_50_aug_0.jpg,1,1,0.9999707937240601
1825,/content/Dataset/Test/Real/real_510_aug_1.jpg,1,1,0.9999754428863525
1826,/content/Dataset/Test/Real/real_510_aug_3.jpg,1,1,0.9960020184516907
1827,/content/Dataset/Test/Real/real_511_aug_0.jpg,1,1,0.9790050983428955
1828,/content/Dataset/Test/Real/real_511_aug_2.jpg,1,1,0.9909861326217652
1829,/content/Dataset/Test/Real/real_512_aug_3.jpg,1,1,0.9999608993530273
1830,/content/Dataset/Test/Real/real_512_aug_4.jpg,1,1,1.0
1831,/content/Dataset/Test/Real/real_513_aug_2.jpg,1,1,0.9988806843757629
1832,/content/Dataset/Test/Real/real_513_aug_3.jpg,1,1,0.9999864101409912
1833,/content/Dataset/Test/Real/real_514_aug_0.jpg,1,1,1.0
1834,/content/Dataset/Test/Real/real_514_aug_2.jpg,1,1,0.9988694787025452
1835,/content/Dataset/Test/Real/real_51_aug_4.jpg,1,1,0.9999973773956299
1836,/content/Dataset/Test/Real/real_521_aug_2.jpg,1,1,1.0
1837,/content/Dataset/Test/Real/real_521_aug_3.jpg,1,1,0.9751612544059753
1838,/content/Dataset/Test/Real/real_522_aug_1.jpg,1,1,0.9995313882827759
1839,/content/Dataset/Test/Real/real_522_aug_4.jpg,1,1,0.6935028076171875
1840,/content/Dataset/Test/Real/real_524_aug_4.jpg,1,1,1.0
1841,/content/Dataset/Test/Real/real_525_aug_1.jpg,1,1,0.9901667833328247
1842,/content/Dataset/Test/Real/real_525_aug_3.jpg,1,1,0.9632006883621216
1843,/content/Dataset/Test/Real/real_525_aug_4.jpg,1,1,0.9960494637489319
1844,/content/Dataset/Test/Real/real_527_aug_2.jpg,1,1,0.9474456310272217
1845,/content/Dataset/Test/Real/real_528_aug_0.jpg,1,1,0.9991740584373474
1846,/content/Dataset/Test/Real/real_528_aug_1.jpg,1,1,0.9999686479568481
1847,/content/Dataset/Test/Real/real_52_aug_0.jpg,1,1,1.0
1848,/content/Dataset/Test/Real/real_52_aug_1.jpg,1,1,0.9999973773956299
1849,/content/Dataset/Test/Real/real_530_aug_1.jpg,1,1,1.0
1850,/content/Dataset/Test/Real/real_530_aug_2.jpg,1,1,1.0
1851,/content/Dataset/Test/Real/real_531_aug_3.jpg,1,1,0.9922071099281311
1852,/content/Dataset/Test/Real/real_531_aug_4.jpg,1,1,0.9995613694190979
1853,/content/Dataset/Test/Real/real_532_aug_3.jpg,1,1,0.9993785619735718
1854,/content/Dataset/Test/Real/real_535_aug_1.jpg,1,1,0.9692264199256897
1855,/content/Dataset/Test/Real/real_536_aug_2.jpg,1,1,0.8433948755264282
1856,/content/Dataset/Test/Real/real_538_aug_4.jpg,1,1,1.0
1857,/content/Dataset/Test/Real/real_53_aug_0.jpg,1,1,1.0
1858,/content/Dataset/Test/Real/real_542_aug_2.jpg,1,1,0.9999904632568359
1859,/content/Dataset/Test/Real/real_545_aug_2.jpg,1,1,0.999968409538269
1860,/content/Dataset/Test/Real/real_547_aug_0.jpg,1,1,1.0
1861,/content/Dataset/Test/Real/real_548_aug_3.jpg,1,1,0.9999904632568359
1862,/content/Dataset/Test/Real/real_549_aug_4.jpg,1,1,0.9994691014289856
1863,/content/Dataset/Test/Real/real_551_aug_1.jpg,1,1,1.0
1864,/content/Dataset/Test/Real/real_551_aug_2.jpg,1,1,0.999997615814209
1865,/content/Dataset/Test/Real/real_551_aug_3.jpg,1,1,1.0
1866,/content/Dataset/Test/Real/real_551_aug_4.jpg,1,1,0.9987632036209106
1867,/content/Dataset/Test/Real/real_552_aug_1.jpg,1,1,1.0
1868,/content/Dataset/Test/Real/real_556_aug_3.jpg,1,1,0.994845986366272
1869,/content/Dataset/Test/Real/real_557_aug_4.jpg,1,1,1.0
1870,/content/Dataset/Test/Real/real_559_aug_4.jpg,1,1,0.9915918111801147
1871,/content/Dataset/Test/Real/real_563_aug_2.jpg,1,1,0.991950273513794
1872,/content/Dataset/Test/Real/real_563_aug_4.jpg,1,1,1.0
1873,/content/Dataset/Test/Real/real_564_aug_0.jpg,1,1,0.9999977350234985
1874,/content/Dataset/Test/Real/real_564_aug_3.jpg,1,1,0.9946541786193848
1875,/content/Dataset/Test/Real/real_565_aug_0.jpg,1,1,0.9988916516304016
1876,/content/Dataset/Test/Real/real_565_aug_1.jpg,1,1,0.9955335855484009
1877,/content/Dataset/Test/Real/real_567_aug_2.jpg,1,1,0.9995155334472656
1878,/content/Dataset/Test/Real/real_569_aug_4.jpg,1,1,1.0
1879,/content/Dataset/Test/Real/real_56_aug_2.jpg,1,1,0.9999703168869019
1880,/content/Dataset/Test/Real/real_570_aug_4.jpg,1,1,1.0
1881,/content/Dataset/Test/Real/real_571_aug_4.jpg,1,1,0.993317723274231
1882,/content/Dataset/Test/Real/real_574_aug_3.jpg,1,1,0.9684066772460938
1883,/content/Dataset/Test/Real/real_578_aug_4.jpg,1,1,1.0
1884,/content/Dataset/Test/Real/real_57_aug_2.jpg,1,1,1.0
1885,/content/Dataset/Test/Real/real_57_aug_3.jpg,1,1,0.9651795625686646
1886,/content/Dataset/Test/Real/real_581_aug_2.jpg,1,1,0.9983813762664795
1887,/content/Dataset/Test/Real/real_583_aug_1.jpg,1,1,0.9999135732650757
1888,/content/Dataset/Test/Real/real_584_aug_0.jpg,1,1,1.0
1889,/content/Dataset/Test/Real/real_585_aug_2.jpg,1,1,1.0
1890,/content/Dataset/Test/Real/real_58_aug_1.jpg,1,1,0.9992401599884033
1891,/content/Dataset/Test/Real/real_58_aug_3.jpg,1,1,0.9992449283599854
1892,/content/Dataset/Test/Real/real_59_aug_0.jpg,1,1,0.9999983310699463
1893,/content/Dataset/Test/Real/real_60_aug_3.jpg,1,1,0.9999973773956299
1894,/content/Dataset/Test/Real/real_61_aug_0.jpg,1,1,0.9999936819076538
1895,/content/Dataset/Test/Real/real_62_aug_4.jpg,1,1,1.0
1896,/content/Dataset/Test/Real/real_63_aug_0.jpg,1,1,0.9999738931655884
1897,/content/Dataset/Test/Real/real_64_aug_4.jpg,1,1,0.9999326467514038
1898,/content/Dataset/Test/Real/real_66_aug_1.jpg,1,1,1.0
1899,/content/Dataset/Test/Real/real_6_aug_0.jpg,1,1,0.9999743700027466
1900,/content/Dataset/Test/Real/real_6_aug_1.jpg,1,1,0.9999147653579712
1901,/content/Dataset/Test/Real/real_6_aug_3.jpg,1,1,1.0
1902,/content/Dataset/Test/Real/real_70_aug_3.jpg,1,1,0.9957411289215088
1903,/content/Dataset/Test/Real/real_73_aug_0.jpg,1,1,0.999872088432312
1904,/content/Dataset/Test/Real/real_73_aug_3.jpg,1,1,0.9999997615814209
1905,/content/Dataset/Test/Real/real_74_aug_1.jpg,1,1,1.0
1906,/content/Dataset/Test/Real/real_77_aug_3.jpg,1,1,1.0
1907,/content/Dataset/Test/Real/real_78_aug_4.jpg,1,1,0.9999943971633911
1908,/content/Dataset/Test/Real/real_79_aug_0.jpg,1,1,0.9988767504692078
1909,/content/Dataset/Test/Real/real_7_aug_0.jpg,1,1,0.9687201380729675
1910,/content/Dataset/Test/Real/real_7_aug_2.jpg,1,1,0.9870882034301758
1911,/content/Dataset/Test/Real/real_80_aug_2.jpg,1,1,0.9892420172691345
1912,/content/Dataset/Test/Real/real_82_aug_0.jpg,1,1,0.9999994039535522
1913,/content/Dataset/Test/Real/real_83_aug_1.jpg,1,1,0.9992115497589111
1914,/content/Dataset/Test/Real/real_83_aug_4.jpg,1,1,0.9999059438705444
1915,/content/Dataset/Test/Real/real_84_aug_3.jpg,1,1,1.0
1916,/content/Dataset/Test/Real/real_85_aug_2.jpg,1,1,0.9991458654403687
1917,/content/Dataset/Test/Real/real_87_aug_1.jpg,1,1,1.0
1918,/content/Dataset/Test/Real/real_87_aug_2.jpg,1,1,1.0
1919,/content/Dataset/Test/Real/real_87_aug_3.jpg,1,1,1.0
1920,/content/Dataset/Test/Real/real_88_aug_2.jpg,1,1,0.9991274476051331
1921,/content/Dataset/Test/Real/real_89_aug_2.jpg,1,1,1.0
1922,/content/Dataset/Test/Real/real_89_aug_4.jpg,1,1,0.999994158744812
1923,/content/Dataset/Test/Real/real_8_aug_1.jpg,1,1,0.9995812773704529
1924,/content/Dataset/Test/Real/real_8_aug_3.jpg,1,1,0.9997119307518005
1925,/content/Dataset/Test/Real/real_8_aug_4.jpg,1,1,0.9999102354049683
1926,/content/Dataset/Test/Real/real_90_aug_2.jpg,1,1,0.9995953440666199
1927,/content/Dataset/Test/Real/real_92_aug_4.jpg,1,1,0.9949487447738647
1928,/content/Dataset/Test/Real/real_94_aug_3.jpg,1,1,1.0
1929,/content/Dataset/Test/Real/real_95_aug_4.jpg,1,1,0.9999490976333618
1930,/content/Dataset/Test/Real/real_96_aug_0.jpg,1,1,0.9998817443847656
1931,/content/Dataset/Test/Real/real_97_aug_3.jpg,1,1,0.9988783001899719
1932,/content/Dataset/Test/Real/real_99_aug_2.jpg,1,1,0.999816358089447
1933,/content/Dataset/Test/Real/real_9_aug_3.jpg,1,1,0.9786327481269836
